tarih;deger;birim
2004-12-31;0,00;Ton
2005-12-31;55.797,00;Ton
2006-12-31;101.090,00;Ton
2007-12-31;102.615,00;Ton
2008-12-31;103.862,00;Ton
2009-12-31;108.580,00;Ton
2010-12-31;106.713,00;Ton
2011-12-31;112.666,00;Ton
2012-12-31;117.271,00;Ton
2013-01-01;442,15;Ton
2013-02-01;387,95;Ton
2013-03-01;366,45;Ton
2013-04-01;347,55;Ton
2013-05-01;344,50;Ton
2013-06-01;334,20;Ton
2013-07-01;205,80;Ton
2013-08-01;387,60;Ton
2013-09-01;377,40;Ton
2013-10-01;380,70;Ton
2013-11-01;319,25;Ton
2013-12-01;345,90;Ton
2013-01-13;338,85;Ton
2013-01-14;190,45;Ton
2013-01-15;374,30;Ton
2013-01-16;335,00;Ton
2013-01-17;312,90;Ton
2013-01-18;312,35;Ton
2013-01-19;312,45;Ton
2013-01-20;340,45;Ton
2013-01-21;220,10;Ton
2013-01-22;411,15;Ton
2013-01-23;368,50;Ton
2013-01-24;382,80;Ton
2013-01-25;363,05;Ton
2013-01-26;331,35;Ton
2013-01-27;313,00;Ton
2013-01-28;205,35;Ton
2013-01-29;382,00;Ton
2013-01-30;271,10;Ton
2013-01-31;204,85;Ton
2013-01-02;361,40;Ton
2013-02-02;305,00;Ton
2013-03-02;302,30;Ton
2013-04-02;171,40;Ton
2013-05-02;379,95;Ton
2013-06-02;374,90;Ton
2013-07-02;332,45;Ton
2013-08-02;297,25;Ton
2013-09-02;298,05;Ton
2013-10-02;319,05;Ton
2013-11-02;168,00;Ton
2013-12-02;379,65;Ton
2013-02-13;339,65;Ton
2013-02-14;369,95;Ton
2013-02-15;335,00;Ton
2013-02-16;315,40;Ton
2013-02-17;297,80;Ton
2013-02-18;161,90;Ton
2013-02-19;378,80;Ton
2013-02-20;397,15;Ton
2013-02-21;360,30;Ton
2013-02-22;314,55;Ton
2013-02-23;315,25;Ton
2013-02-24;296,70;Ton
2013-02-25;167,60;Ton
2013-02-26;381,45;Ton
2013-02-27;374,00;Ton
2013-02-28;508,40;Ton
2013-01-03;342,60;Ton
2013-02-03;317,50;Ton
2013-03-03;315,40;Ton
2013-04-03;219,10;Ton
2013-05-03;409,85;Ton
2013-06-03;385,15;Ton
2013-07-03;382,30;Ton
2013-08-03;347,65;Ton
2013-09-03;326,60;Ton
2013-10-03;340,05;Ton
2013-11-03;203,40;Ton
2013-12-03;392,75;Ton
2013-03-13;363,80;Ton
2013-03-14;306,45;Ton
2013-03-15;334,35;Ton
2013-03-16;317,10;Ton
2013-03-17;321,50;Ton
2013-03-18;215,35;Ton
2013-03-19;394,65;Ton
2013-03-20;384,25;Ton
2013-03-21;350,55;Ton
2013-03-22;360,15;Ton
2013-03-23;284,00;Ton
2013-03-24;326,15;Ton
2013-03-25;189,40;Ton
2013-03-26;389,15;Ton
2013-03-27;377,50;Ton
2013-03-28;361,85;Ton
2013-03-29;243,75;Ton
2013-03-30;194,85;Ton
2013-03-31;314,25;Ton
2013-01-04;210,80;Ton
2013-02-04;384,65;Ton
2013-03-04;355,95;Ton
2013-04-04;361,65;Ton
2013-05-04;349,75;Ton
2013-06-04;345,50;Ton
2013-07-04;303,85;Ton
2013-08-04;195,20;Ton
2013-09-04;423,95;Ton
2013-10-04;386,35;Ton
2013-11-04;347,80;Ton
2013-12-04;332,75;Ton
2013-04-13;308,00;Ton
2013-04-14;351,70;Ton
2013-04-15;209,55;Ton
2013-04-16;382,80;Ton
2013-04-17;381,90;Ton
2013-04-18;342,40;Ton
2013-04-19;321,95;Ton
2013-04-20;318,05;Ton
2013-04-21;315,95;Ton
2013-04-22;222,45;Ton
2013-04-23;399,00;Ton
2013-04-24;359,10;Ton
2013-04-25;369,90;Ton
2013-04-26;345,65;Ton
2013-04-27;344,10;Ton
2013-04-28;294,20;Ton
2013-04-29;220,80;Ton
2013-04-30;397,15;Ton
2013-01-05;345,40;Ton
2013-02-05;406,75;Ton
2013-03-05;278,35;Ton
2013-04-05;258,60;Ton
2013-05-05;239,75;Ton
2013-06-05;224,25;Ton
2013-07-05;321,30;Ton
2013-08-05;282,00;Ton
2013-09-05;363,25;Ton
2013-10-05;328,50;Ton
2013-11-05;306,00;Ton
2013-12-05;302,30;Ton
2013-05-13;205,90;Ton
2013-05-14;374,65;Ton
2013-05-15;332,95;Ton
2013-05-16;314,05;Ton
2013-05-17;316,60;Ton
2013-05-18;297,25;Ton
2013-05-19;287,65;Ton
2013-05-20;166,70;Ton
2013-05-21;346,80;Ton
2013-05-22;297,60;Ton
2013-05-23;293,35;Ton
2013-05-24;308,95;Ton
2013-05-25;300,30;Ton
2013-05-26;309,20;Ton
2013-05-27;192,95;Ton
2013-05-28;386,75;Ton
2013-05-29;357,60;Ton
2013-05-30;351,65;Ton
2013-05-31;296,00;Ton
2013-01-06;298,80;Ton
2013-02-06;275,90;Ton
2013-03-06;213,10;Ton
2013-04-06;349,50;Ton
2013-05-06;334,40;Ton
2013-06-06;302,90;Ton
2013-07-06;285,30;Ton
2013-08-06;296,50;Ton
2013-09-06;292,05;Ton
2013-10-06;194,70;Ton
2013-11-06;398,65;Ton
2013-12-06;330,65;Ton
2013-06-13;298,85;Ton
2013-06-14;284,25;Ton
2013-06-15;297,65;Ton
2013-06-16;299,45;Ton
2013-06-17;184,30;Ton
2013-06-18;376,15;Ton
2013-06-19;356,85;Ton
2013-06-20;323,80;Ton
2013-06-21;283,95;Ton
2013-06-22;284,05;Ton
2013-06-23;304,95;Ton
2013-06-24;181,95;Ton
2013-06-25;333,10;Ton
2013-06-26;328,95;Ton
2013-06-27;319,00;Ton
2013-06-28;260,10;Ton
2013-06-29;274,50;Ton
2013-06-30;269,35;Ton
2013-01-07;203,95;Ton
2013-02-07;361,40;Ton
2013-03-07;299,40;Ton
2013-04-07;294,55;Ton
2013-05-07;327,85;Ton
2013-06-07;303,70;Ton
2013-07-07;266,35;Ton
2013-08-07;205,05;Ton
2013-09-07;371,00;Ton
2013-10-07;348,50;Ton
2013-11-07;352,55;Ton
2013-12-07;339,30;Ton
2013-07-13;278,30;Ton
2013-07-14;331,45;Ton
2013-07-15;201,95;Ton
2013-07-16;400,90;Ton
2013-07-17;360,10;Ton
2013-07-18;267,20;Ton
2013-07-19;287,80;Ton
2013-07-20;300,45;Ton
2013-07-21;187,35;Ton
2013-07-22;175,75;Ton
2013-07-23;346,40;Ton
2013-07-24;333,90;Ton
2013-07-25;301,55;Ton
2013-07-26;300,15;Ton
2013-07-27;268,00;Ton
2013-07-28;299,10;Ton
2013-07-29;165,75;Ton
2013-07-30;338,45;Ton
2013-07-31;270,85;Ton
2013-01-08;271,80;Ton
2013-02-08;263,95;Ton
2013-03-08;283,10;Ton
2013-04-08;159,65;Ton
2013-05-08;347,45;Ton
2013-06-08;369,85;Ton
2013-07-08;381,70;Ton
2013-08-08;340,85;Ton
2013-09-08;190,25;Ton
2013-10-08;177,45;Ton
2013-11-08;106,00;Ton
2013-12-08;299,85;Ton
2013-08-13;280,55;Ton
2013-08-14;292,55;Ton
2013-08-15;303,60;Ton
2013-08-16;300,80;Ton
2013-08-17;332,20;Ton
2013-08-18;174,05;Ton
2013-08-19;394,10;Ton
2013-08-20;335,60;Ton
2013-08-21;307,15;Ton
2013-08-22;345,95;Ton
2013-08-23;283,55;Ton
2013-08-24;313,85;Ton
2013-08-25;194,40;Ton
2013-08-26;362,05;Ton
2013-08-27;364,05;Ton
2013-08-28;317,50;Ton
2013-08-29;315,75;Ton
2013-08-30;312,20;Ton
2013-08-31;329,45;Ton
2013-01-09;200,85;Ton
2013-02-09;416,55;Ton
2013-03-09;363,80;Ton
2013-04-09;351,45;Ton
2013-05-09;326,60;Ton
2013-06-09;334,70;Ton
2013-07-09;293,40;Ton
2013-08-09;178,10;Ton
2013-09-09;405,60;Ton
2013-10-09;365,55;Ton
2013-11-09;337,30;Ton
2013-12-09;310,85;Ton
2013-09-13;305,15;Ton
2013-09-14;325,95;Ton
2013-09-15;185,00;Ton
2013-09-16;391,55;Ton
2013-09-17;356,60;Ton
2013-09-18;306,95;Ton
2013-09-19;329,40;Ton
2013-09-20;308,20;Ton
2013-09-21;311,75;Ton
2013-09-22;180,00;Ton
2013-09-23;428,90;Ton
2013-09-24;376,20;Ton
2013-09-25;323,50;Ton
2013-09-26;318,70;Ton
2013-09-27;313,00;Ton
2013-09-28;316,20;Ton
2013-09-29;161,60;Ton
2013-09-30;388,25;Ton
2013-01-10;376,05;Ton
2013-02-10;327,25;Ton
2013-03-10;274,05;Ton
2013-04-10;304,05;Ton
2013-05-10;311,30;Ton
2013-06-10;177,20;Ton
2013-07-10;391,05;Ton
2013-08-10;361,75;Ton
2013-09-10;349,70;Ton
2013-10-10;369,55;Ton
2013-11-10;355,05;Ton
2013-12-10;353,05;Ton
2013-10-13;234,15;Ton
2013-10-14;442,20;Ton
2013-10-15;387,60;Ton
2013-10-16;576,35;Ton
2013-10-17;419,10;Ton
2013-10-18;300,30;Ton
2013-10-19;313,30;Ton
2013-10-20;185,30;Ton
2013-10-21;404,40;Ton
2013-10-22;417,15;Ton
2013-10-23;356,80;Ton
2013-10-24;355,20;Ton
2013-10-25;335,90;Ton
2013-10-26;340,35;Ton
2013-10-27;216,25;Ton
2013-10-28;414,00;Ton
2013-10-29;370,70;Ton
2013-10-30;344,70;Ton
2013-10-31;329,50;Ton
2013-01-11;310,60;Ton
2013-02-11;318,35;Ton
2013-03-11;179,90;Ton
2013-04-11;401,70;Ton
2013-05-11;347,25;Ton
2013-06-11;357,90;Ton
2013-07-11;367,60;Ton
2013-08-11;336,25;Ton
2013-09-11;319,90;Ton
2013-10-11;180,00;Ton
2013-11-11;429,60;Ton
2013-12-11;387,00;Ton
2013-11-13;321,25;Ton
2013-11-14;334,15;Ton
2013-11-15;318,15;Ton
2013-11-16;331,85;Ton
2013-11-17;184,35;Ton
2013-11-18;423,50;Ton
2013-11-19;376,55;Ton
2013-11-20;354,10;Ton
2013-11-21;288,80;Ton
2013-11-22;307,45;Ton
2013-11-23;345,40;Ton
2013-11-24;217,70;Ton
2013-11-25;450,25;Ton
2013-11-26;390,15;Ton
2013-11-27;402,30;Ton
2013-11-28;373,15;Ton
2013-11-29;377,05;Ton
2013-11-30;351,35;Ton
2013-01-12;194,45;Ton
2013-02-12;423,00;Ton
2013-03-12;422,85;Ton
2013-04-12;346,40;Ton
2013-05-12;330,00;Ton
2013-06-12;315,80;Ton
2013-07-12;331,35;Ton
2013-08-12;183,70;Ton
2013-09-12;407,60;Ton
2013-10-12;368,40;Ton
2013-11-12;306,50;Ton
2013-12-12;269,40;Ton
2013-12-13;291,50;Ton
2013-12-14;330,95;Ton
2013-12-15;163,85;Ton
2013-12-16;418,35;Ton
2013-12-17;451,30;Ton
2013-12-18;383,80;Ton
2013-12-19;348,80;Ton
2013-12-20;308,60;Ton
2013-12-21;323,50;Ton
2013-12-22;157,25;Ton
2013-12-23;387,20;Ton
2013-12-24;362,80;Ton
2013-12-25;347,85;Ton
2013-12-26;340,00;Ton
2013-12-27;388,15;Ton
2013-12-28;377,75;Ton
2013-12-29;193,50;Ton
2013-12-30;412,30;Ton
2013-12-31;449,60;Ton
2014-01-01;408,30;Ton
2014-02-01;361,75;Ton
2014-03-01;313,70;Ton
2014-04-01;396,15;Ton
2014-05-01;216,75;Ton
2014-06-01;460,40;Ton
2014-07-01;425,05;Ton
2014-08-01;357,25;Ton
2014-09-01;326,20;Ton
2014-10-01;365,45;Ton
2014-11-01;338,25;Ton
2014-12-01;179,80;Ton
2014-01-13;408,75;Ton
2014-01-14;422,45;Ton
2014-01-15;394,70;Ton
2014-01-16;331,65;Ton
2014-01-17;339,65;Ton
2014-01-18;375,50;Ton
2014-01-19;185,50;Ton
2014-01-20;459,15;Ton
2014-01-21;431,40;Ton
2014-01-22;381,90;Ton
2014-01-23;360,75;Ton
2014-01-24;347,70;Ton
2014-01-25;303,05;Ton
2014-01-26;182,65;Ton
2014-01-27;433,95;Ton
2014-01-28;426,90;Ton
2014-01-29;376,85;Ton
2014-01-30;346,25;Ton
2014-01-31;314,05;Ton
2014-01-02;359,70;Ton
2014-02-02;158,50;Ton
2014-03-02;369,30;Ton
2014-04-02;349,25;Ton
2014-05-02;331,60;Ton
2014-06-02;310,30;Ton
2014-07-02;311,90;Ton
2014-08-02;343,40;Ton
2014-09-02;183,85;Ton
2014-10-02;401,55;Ton
2014-11-02;407,10;Ton
2014-12-02;348,30;Ton
2014-02-13;334,55;Ton
2014-02-14;303,25;Ton
2014-02-15;321,25;Ton
2014-02-16;164,70;Ton
2014-02-17;399,40;Ton
2014-02-18;362,35;Ton
2014-02-19;349,15;Ton
2014-02-20;284,90;Ton
2014-02-21;357,10;Ton
2014-02-22;345,65;Ton
2014-02-23;180,95;Ton
2014-02-24;385,35;Ton
2014-02-25;381,60;Ton
2014-02-26;359,00;Ton
2014-02-27;318,35;Ton
2014-02-28;298,40;Ton
2014-01-03;317,20;Ton
2014-02-03;163,85;Ton
2014-03-03;425,40;Ton
2014-04-03;403,05;Ton
2014-05-03;322,10;Ton
2014-06-03;291,55;Ton
2014-07-03;295,85;Ton
2014-08-03;319,15;Ton
2014-09-03;170,65;Ton
2014-10-03;389,35;Ton
2014-11-03;406,90;Ton
2014-12-03;283,20;Ton
2014-03-13;306,40;Ton
2014-03-14;282,70;Ton
2014-03-15;322,35;Ton
2014-03-16;176,50;Ton
2014-03-17;395,60;Ton
2014-03-18;382,55;Ton
2014-03-19;333,60;Ton
2014-03-20;331,50;Ton
2014-03-21;320,00;Ton
2014-03-22;317,20;Ton
2014-03-23;186,95;Ton
2014-03-24;398,30;Ton
2014-03-25;355,30;Ton
2014-03-26;326,50;Ton
2014-03-27;284,40;Ton
2014-03-28;284,25;Ton
2014-03-29;288,00;Ton
2014-03-30;125,70;Ton
2014-03-31;360,55;Ton
2014-01-04;313,80;Ton
2014-02-04;317,20;Ton
2014-03-04;331,35;Ton
2014-04-04;284,65;Ton
2014-05-04;315,00;Ton
2014-06-04;175,15;Ton
2014-07-04;378,25;Ton
2014-08-04;327,25;Ton
2014-09-04;304,10;Ton
2014-10-04;299,40;Ton
2014-11-04;290,05;Ton
2014-12-04;307,25;Ton
2014-04-13;164,35;Ton
2014-04-14;384,30;Ton
2014-04-15;349,65;Ton
2014-04-16;285,35;Ton
2014-04-17;294,00;Ton
2014-04-18;295,25;Ton
2014-04-19;261,45;Ton
2014-04-20;163,10;Ton
2014-04-21;378,55;Ton
2014-04-22;332,90;Ton
2014-04-23;305,10;Ton
2014-04-24;279,15;Ton
2014-04-25;309,00;Ton
2014-04-26;290,90;Ton
2014-04-27;154,10;Ton
2014-04-28;393,35;Ton
2014-04-29;318,35;Ton
2014-04-30;295,45;Ton
2014-01-05;282,10;Ton
2014-02-05;285,25;Ton
2014-03-05;296,60;Ton
2014-04-05;164,90;Ton
2014-05-05;324,65;Ton
2014-06-05;320,65;Ton
2014-07-05;297,55;Ton
2014-08-05;285,65;Ton
2014-09-05;280,45;Ton
2014-10-05;300,15;Ton
2014-11-05;165,40;Ton
2014-12-05;394,20;Ton
2014-05-13;347,75;Ton
2014-05-14;292,20;Ton
2014-05-15;306,95;Ton
2014-05-16;297,20;Ton
2014-05-17;300,75;Ton
2014-05-18;177,30;Ton
2014-05-19;353,45;Ton
2014-05-20;389,00;Ton
2014-05-21;310,35;Ton
2014-05-22;318,80;Ton
2014-05-23;281,70;Ton
2014-05-24;277,05;Ton
2014-05-25;164,20;Ton
2014-05-26;349,15;Ton
2014-05-27;366,75;Ton
2014-05-28;285,05;Ton
2014-05-29;304,95;Ton
2014-05-30;297,25;Ton
2014-05-31;312,15;Ton
2014-01-06;141,95;Ton
2014-02-06;365,05;Ton
2014-03-06;353,20;Ton
2014-04-06;309,65;Ton
2014-05-06;311,85;Ton
2014-06-06;289,50;Ton
2014-07-06;294,60;Ton
2014-08-06;153,00;Ton
2014-09-06;357,10;Ton
2014-10-06;359,95;Ton
2014-11-06;297,35;Ton
2014-12-06;308,40;Ton
2014-06-13;293,50;Ton
2014-06-14;303,40;Ton
2014-06-15;184,10;Ton
2014-06-16;362,00;Ton
2014-06-17;356,60;Ton
2014-06-18;303,50;Ton
2014-06-19;310,10;Ton
2014-06-20;291,50;Ton
2014-06-21;299,00;Ton
2014-06-22;174,60;Ton
2014-06-23;401,80;Ton
2014-06-24;371,80;Ton
2014-06-25;354,45;Ton
2014-06-26;348,05;Ton
2014-06-27;342,90;Ton
2014-06-28;316,20;Ton
2014-06-29;153,80;Ton
2014-06-30;334,85;Ton
2014-01-07;323,65;Ton
2014-02-07;301,25;Ton
2014-03-07;283,65;Ton
2014-04-07;304,90;Ton
2014-05-07;304,75;Ton
2014-06-07;160,75;Ton
2014-07-07;370,80;Ton
2014-08-07;324,50;Ton
2014-09-07;293,40;Ton
2014-10-07;321,65;Ton
2014-11-07;276,75;Ton
2014-12-07;279,35;Ton
2014-07-13;163,05;Ton
2014-07-14;368,10;Ton
2014-07-15;324,65;Ton
2014-07-16;334,40;Ton
2014-07-17;303,20;Ton
2014-07-18;301,00;Ton
2014-07-19;275,05;Ton
2014-07-20;175,15;Ton
2014-07-21;427,15;Ton
2014-07-22;346,30;Ton
2014-07-23;295,30;Ton
2014-07-24;326,15;Ton
2014-07-25;289,25;Ton
2014-07-26;381,55;Ton
2014-07-27;359,50;Ton
2014-07-28;304,30;Ton
2014-07-29;274,30;Ton
2014-07-30;203,75;Ton
2014-07-31;252,85;Ton
2014-01-08;252,05;Ton
2014-02-08;303,15;Ton
2014-03-08;156,75;Ton
2014-04-08;360,15;Ton
2014-05-08;354,65;Ton
2014-06-08;346,25;Ton
2014-07-08;299,80;Ton
2014-08-08;321,45;Ton
2014-09-08;320,20;Ton
2014-10-08;144,30;Ton
2014-11-08;388,95;Ton
2014-12-08;367,35;Ton
2014-08-13;328,65;Ton
2014-08-14;315,05;Ton
2014-08-15;313,25;Ton
2014-08-16;306,75;Ton
2014-08-17;141,50;Ton
2014-08-18;390,40;Ton
2014-08-19;392,15;Ton
2014-08-20;330,20;Ton
2014-08-21;327,90;Ton
2014-08-22;315,65;Ton
2014-08-23;328,90;Ton
2014-08-24;186,45;Ton
2014-08-25;387,15;Ton
2014-08-26;373,35;Ton
2014-08-27;319,10;Ton
2014-08-28;329,65;Ton
2014-08-29;322,25;Ton
2014-08-30;336,90;Ton
2014-08-31;149,65;Ton
2014-01-09;462,00;Ton
2014-02-09;363,75;Ton
2014-03-09;356,50;Ton
2014-04-09;316,75;Ton
2014-05-09;342,00;Ton
2014-06-09;310,65;Ton
2014-07-09;183,90;Ton
2014-08-09;434,05;Ton
2014-09-09;390,45;Ton
2014-10-09;368,85;Ton
2014-11-09;357,90;Ton
2014-12-09;361,80;Ton
2014-09-13;341,65;Ton
2014-09-14;203,30;Ton
2014-09-15;430,45;Ton
2014-09-16;384,45;Ton
2014-09-17;363,75;Ton
2014-09-18;331,15;Ton
2014-09-19;344,40;Ton
2014-09-20;353,10;Ton
2014-09-21;176,00;Ton
2014-09-22;424,45;Ton
2014-09-23;368,60;Ton
2014-09-24;355,95;Ton
2014-09-25;331,55;Ton
2014-09-26;323,30;Ton
2014-09-27;316,15;Ton
2014-09-28;183,65;Ton
2014-09-29;416,55;Ton
2014-09-30;412,65;Ton
2014-01-10;376,65;Ton
2014-02-10;378,10;Ton
2014-03-10;402,95;Ton
2014-04-10;363,90;Ton
2014-05-10;593,80;Ton
2014-06-10;399,75;Ton
2014-07-10;379,75;Ton
2014-08-10;351,35;Ton
2014-09-10;313,20;Ton
2014-10-10;312,80;Ton
2014-11-10;290,50;Ton
2014-12-10;179,55;Ton
2014-10-13;373,50;Ton
2014-10-14;383,55;Ton
2014-10-15;343,45;Ton
2014-10-16;318,25;Ton
2014-10-17;330,70;Ton
2014-10-18;305,00;Ton
2014-10-19;175,25;Ton
2014-10-20;412,40;Ton
2014-10-21;430,00;Ton
2014-10-22;387,85;Ton
2014-10-23;309,30;Ton
2014-10-24;323,95;Ton
2014-10-25;316,95;Ton
2014-10-26;178,15;Ton
2014-10-27;431,45;Ton
2014-10-28;454,85;Ton
2014-10-29;397,55;Ton
2014-10-30;313,80;Ton
2014-10-31;327,35;Ton
2014-01-11;310,95;Ton
2014-02-11;155,60;Ton
2014-03-11;452,05;Ton
2014-04-11;415,70;Ton
2014-05-11;401,10;Ton
2014-06-11;362,20;Ton
2014-07-11;344,85;Ton
2014-08-11;357,45;Ton
2014-09-11;192,15;Ton
2014-10-11;422,55;Ton
2014-11-11;419,20;Ton
2014-12-11;364,30;Ton
2014-11-13;326,00;Ton
2014-11-14;347,10;Ton
2014-11-15;346,55;Ton
2014-11-16;198,45;Ton
2014-11-17;507,95;Ton
2014-11-18;436,35;Ton
2014-11-19;365,20;Ton
2014-11-20;335,90;Ton
2014-11-21;391,70;Ton
2014-11-22;347,60;Ton
2014-11-23;198,95;Ton
2014-11-24;461,70;Ton
2014-11-25;423,75;Ton
2014-11-26;376,85;Ton
2014-11-27;380,05;Ton
2014-11-28;353,80;Ton
2014-11-29;349,45;Ton
2014-11-30;182,55;Ton
2014-01-12;485,85;Ton
2014-02-12;482,15;Ton
2014-03-12;357,35;Ton
2014-04-12;418,45;Ton
2014-05-12;389,05;Ton
2014-06-12;373,65;Ton
2014-07-12;190,05;Ton
2014-08-12;501,60;Ton
2014-09-12;425,30;Ton
2014-10-12;414,95;Ton
2014-11-12;376,25;Ton
2014-12-12;360,45;Ton
2014-12-13;331,95;Ton
2014-12-14;126,95;Ton
2014-12-15;496,85;Ton
2014-12-16;421,65;Ton
2014-12-17;384,60;Ton
2014-12-18;346,15;Ton
2014-12-19;297,95;Ton
2014-12-20;363,75;Ton
2014-12-21;155,85;Ton
2014-12-22;408,50;Ton
2014-12-23;390,30;Ton
2014-12-24;366,35;Ton
2014-12-25;338,75;Ton
2014-12-26;334,60;Ton
2014-12-27;344,00;Ton
2014-12-28;136,75;Ton
2014-12-29;455,65;Ton
2014-12-30;432,05;Ton
2014-12-31;378,10;Ton
2015-01-01;328,10;Ton
2015-02-01;359,35;Ton
2015-03-01;357,10;Ton
2015-04-01;127,70;Ton
2015-05-01;447,95;Ton
2015-06-01;244,15;Ton
2015-07-01;118,75;Ton
2015-08-01;340,80;Ton
2015-09-01;255,80;Ton
2015-10-01;283,30;Ton
2015-11-01;137,00;Ton
2015-12-01;372,15;Ton
2015-01-13;604,20;Ton
2015-01-14;445,20;Ton
2015-01-15;445,40;Ton
2015-01-16;406,65;Ton
2015-01-17;382,40;Ton
2015-01-18;141,85;Ton
2015-01-19;465,20;Ton
2015-01-20;419,60;Ton
2015-01-21;337,70;Ton
2015-01-22;360,50;Ton
2015-01-23;345,00;Ton
2015-01-24;347,30;Ton
2015-01-25;124,80;Ton
2015-01-26;469,25;Ton
2015-01-27;433,40;Ton
2015-01-28;418,05;Ton
2015-01-29;318,90;Ton
2015-01-30;341,75;Ton
2015-01-31;314,70;Ton
2015-01-02;122,05;Ton
2015-02-02;405,75;Ton
2015-03-02;379,45;Ton
2015-04-02;365,20;Ton
2015-05-02;294,30;Ton
2015-06-02;300,45;Ton
2015-07-02;351,95;Ton
2015-08-02;157,90;Ton
2015-09-02;454,65;Ton
2015-10-02;429,00;Ton
2015-11-02;309,15;Ton
2015-12-02;361,25;Ton
2015-02-13;359,90;Ton
2015-02-14;330,05;Ton
2015-02-15;122,80;Ton
2015-02-16;434,10;Ton
2015-02-17;394,90;Ton
2015-02-18;273,45;Ton
2015-02-19;327,80;Ton
2015-02-20;330,20;Ton
2015-02-21;308,50;Ton
2015-02-22;118,10;Ton
2015-02-23;460,70;Ton
2015-02-24;456,30;Ton
2015-02-25;412,30;Ton
2015-02-26;393,85;Ton
2015-02-27;376,00;Ton
2015-02-28;407,65;Ton
2015-01-03;142,40;Ton
2015-02-03;477,45;Ton
2015-03-03;475,30;Ton
2015-04-03;346,45;Ton
2015-05-03;343,10;Ton
2015-06-03;348,20;Ton
2015-07-03;380,45;Ton
2015-08-03;131,75;Ton
2015-09-03;511,75;Ton
2015-10-03;498,25;Ton
2015-11-03;441,30;Ton
2015-12-03;346,45;Ton
2015-03-13;382,15;Ton
2015-03-14;360,55;Ton
2015-03-15;147,15;Ton
2015-03-16;458,60;Ton
2015-03-17;428,50;Ton
2015-03-18;354,55;Ton
2015-03-19;362,75;Ton
2015-03-20;322,45;Ton
2015-03-21;348,70;Ton
2015-03-22;181,95;Ton
2015-03-23;447,05;Ton
2015-03-24;405,10;Ton
2015-03-25;389,50;Ton
2015-03-26;410,80;Ton
2015-03-27;357,50;Ton
2015-03-28;354,45;Ton
2015-03-29;148,10;Ton
2015-03-30;433,60;Ton
2015-03-31;416,80;Ton
2015-01-04;377,90;Ton
2015-02-04;388,55;Ton
2015-03-04;374,40;Ton
2015-04-04;361,90;Ton
2015-05-04;135,90;Ton
2015-06-04;530,45;Ton
2015-07-04;479,55;Ton
2015-08-04;404,70;Ton
2015-09-04;351,95;Ton
2015-10-04;315,35;Ton
2015-11-04;293,45;Ton
2015-12-04;140,60;Ton
2015-04-13;411,05;Ton
2015-04-14;429,80;Ton
2015-04-15;384,65;Ton
2015-04-16;391,45;Ton
2015-04-17;377,75;Ton
2015-04-18;351,00;Ton
2015-04-19;176,35;Ton
2015-04-20;472,90;Ton
2015-04-21;392,90;Ton
2015-04-22;409,35;Ton
2015-04-23;288,20;Ton
2015-04-24;265,10;Ton
2015-04-25;328,65;Ton
2015-04-26;168,70;Ton
2015-04-27;472,85;Ton
2015-04-28;453,05;Ton
2015-04-29;365,65;Ton
2015-04-30;317,15;Ton
2015-01-05;342,00;Ton
2015-02-05;323,70;Ton
2015-03-05;158,05;Ton
2015-04-05;413,85;Ton
2015-05-05;411,75;Ton
2015-06-05;334,70;Ton
2015-07-05;300,25;Ton
2015-08-05;303,55;Ton
2015-09-05;326,20;Ton
2015-10-05;163,40;Ton
2015-11-05;441,15;Ton
2015-12-05;420,60;Ton
2015-05-13;366,85;Ton
2015-05-14;321,40;Ton
2015-05-15;312,65;Ton
2015-05-16;313,40;Ton
2015-05-17;177,20;Ton
2015-05-18;410,85;Ton
2015-05-19;437,95;Ton
2015-05-20;395,15;Ton
2015-05-21;315,20;Ton
2015-05-22;313,80;Ton
2015-05-23;331,00;Ton
2015-05-24;154,40;Ton
2015-05-25;435,95;Ton
2015-05-26;383,35;Ton
2015-05-27;333,20;Ton
2015-05-28;315,90;Ton
2015-05-29;299,50;Ton
2015-05-30;330,35;Ton
2015-05-31;160,40;Ton
2015-01-06;446,80;Ton
2015-02-06;396,85;Ton
2015-03-06;361,10;Ton
2015-04-06;336,10;Ton
2015-05-06;366,85;Ton
2015-06-06;265,35;Ton
2015-07-06;162,50;Ton
2015-08-06;472,40;Ton
2015-09-06;472,60;Ton
2015-10-06;386,15;Ton
2015-11-06;372,40;Ton
2015-12-06;356,15;Ton
2015-06-13;368,45;Ton
2015-06-14;152,00;Ton
2015-06-15;469,45;Ton
2015-06-16;433,35;Ton
2015-06-17;423,50;Ton
2015-06-18;352,60;Ton
2015-06-19;362,40;Ton
2015-06-20;338,90;Ton
2015-06-21;158,10;Ton
2015-06-22;419,95;Ton
2015-06-23;390,35;Ton
2015-06-24;336,05;Ton
2015-06-25;322,35;Ton
2015-06-26;311,35;Ton
2015-06-27;357,50;Ton
2015-06-28;160,85;Ton
2015-06-29;439,40;Ton
2015-06-30;420,60;Ton
2015-01-07;370,40;Ton
2015-02-07;347,90;Ton
2015-03-07;344,30;Ton
2015-04-07;346,80;Ton
2015-05-07;164,75;Ton
2015-06-07;421,75;Ton
2015-07-07;394,40;Ton
2015-08-07;367,30;Ton
2015-09-07;351,05;Ton
2015-10-07;393,35;Ton
2015-11-07;374,20;Ton
2015-12-07;187,05;Ton
2015-07-13;481,30;Ton
2015-07-14;465,05;Ton
2015-07-15;437,90;Ton
2015-07-16;485,80;Ton
2015-07-17;397,90;Ton
2015-07-18;296,20;Ton
2015-07-19;90,90;Ton
2015-07-20;314,20;Ton
2015-07-21;326,95;Ton
2015-07-22;327,00;Ton
2015-07-23;327,15;Ton
2015-07-24;349,65;Ton
2015-07-25;328,70;Ton
2015-07-26;175,50;Ton
2015-07-27;455,95;Ton
2015-07-28;325,00;Ton
2015-07-29;360,50;Ton
2015-07-30;353,35;Ton
2015-07-31;359,10;Ton
2015-01-08;386,70;Ton
2015-02-08;178,10;Ton
2015-03-08;429,80;Ton
2015-04-08;401,55;Ton
2015-05-08;378,20;Ton
2015-06-08;368,60;Ton
2015-07-08;366,20;Ton
2015-08-08;341,50;Ton
2015-09-08;155,35;Ton
2015-10-08;448,75;Ton
2015-11-08;415,30;Ton
2015-12-08;389,50;Ton
2015-08-13;374,55;Ton
2015-08-14;357,80;Ton
2015-08-15;378,70;Ton
2015-08-16;172,00;Ton
2015-08-17;437,75;Ton
2015-08-18;404,75;Ton
2015-08-19;383,30;Ton
2015-08-20;338,10;Ton
2015-08-21;340,35;Ton
2015-08-22;370,45;Ton
2015-08-23;171,40;Ton
2015-08-24;422,10;Ton
2015-08-25;409,20;Ton
2015-08-26;388,40;Ton
2015-08-27;370,35;Ton
2015-08-28;335,00;Ton
2015-08-29;316,00;Ton
2015-08-30;156,60;Ton
2015-08-31;434,60;Ton
2015-01-09;397,40;Ton
2015-02-09;351,40;Ton
2015-03-09;329,95;Ton
2015-04-09;329,50;Ton
2015-05-09;354,80;Ton
2015-06-09;147,80;Ton
2015-07-09;457,15;Ton
2015-08-09;423,00;Ton
2015-09-09;383,50;Ton
2015-10-09;343,95;Ton
2015-11-09;329,95;Ton
2015-12-09;350,70;Ton
2015-09-13;174,70;Ton
2015-09-14;463,65;Ton
2015-09-15;425,75;Ton
2015-09-16;413,10;Ton
2015-09-17;384,65;Ton
2015-09-18;361,80;Ton
2015-09-19;417,85;Ton
2015-09-20;185,70;Ton
2015-09-21;495,10;Ton
2015-09-22;490,10;Ton
2015-09-23;403,85;Ton
2015-09-24;483,85;Ton
2015-09-25;615,00;Ton
2015-09-26;437,45;Ton
2015-09-27;310,30;Ton
2015-09-28;347,30;Ton
2015-09-29;350,25;Ton
2015-09-30;401,20;Ton
2015-01-10;379,00;Ton
2015-02-10;326,55;Ton
2015-03-10;331,05;Ton
2015-04-10;180,20;Ton
2015-05-10;445,70;Ton
2015-06-10;390,15;Ton
2015-07-10;386,05;Ton
2015-08-10;364,65;Ton
2015-09-10;334,80;Ton
2015-10-10;350,05;Ton
2015-11-10;167,25;Ton
2015-12-10;428,95;Ton
2015-10-13;402,40;Ton
2015-10-14;351,70;Ton
2015-10-15;338,70;Ton
2015-10-16;328,80;Ton
2015-10-17;340,55;Ton
2015-10-18;158,30;Ton
2015-10-19;433,60;Ton
2015-10-20;389,80;Ton
2015-10-21;387,55;Ton
2015-10-22;366,65;Ton
2015-10-23;327,70;Ton
2015-10-24;338,50;Ton
2015-10-25;169,05;Ton
2015-10-26;454,25;Ton
2015-10-27;426,65;Ton
2015-10-28;354,55;Ton
2015-10-29;384,80;Ton
2015-10-30;359,85;Ton
2015-10-31;365,75;Ton
2015-01-11;132,10;Ton
2015-02-11;487,70;Ton
2015-03-11;428,85;Ton
2015-04-11;403,10;Ton
2015-05-11;403,95;Ton
2015-06-11;375,25;Ton
2015-07-11;355,55;Ton
2015-08-11;157,95;Ton
2015-09-11;473,10;Ton
2015-10-11;420,75;Ton
2015-11-11;375,55;Ton
2015-12-11;353,35;Ton
2015-11-13;340,80;Ton
2015-11-14;344,40;Ton
2015-11-15;158,15;Ton
2015-11-16;485,30;Ton
2015-11-17;439,60;Ton
2015-11-18;388,80;Ton
2015-11-19;367,55;Ton
2015-11-20;402,75;Ton
2015-11-21;343,85;Ton
2015-11-22;194,05;Ton
2015-11-23;482,45;Ton
2015-11-24;490,80;Ton
2015-11-25;375,85;Ton
2015-11-26;366,45;Ton
2015-11-27;399,25;Ton
2015-11-28;400,35;Ton
2015-11-29;201,20;Ton
2015-11-30;487,70;Ton
2015-01-12;475,50;Ton
2015-02-12;427,30;Ton
2015-03-12;387,80;Ton
2015-04-12;337,90;Ton
2015-05-12;335,20;Ton
2015-06-12;138,15;Ton
2015-07-12;446,80;Ton
2015-08-12;474,65;Ton
2015-09-12;383,00;Ton
2015-10-12;347,35;Ton
2015-11-12;328,20;Ton
2015-12-12;347,50;Ton
2015-12-13;151,75;Ton
2015-12-14;471,75;Ton
2015-12-15;398,10;Ton
2015-12-16;373,60;Ton
2015-12-17;310,20;Ton
2015-12-18;356,90;Ton
2015-12-19;346,80;Ton
2015-12-20;141,85;Ton
2015-12-21;406,45;Ton
2015-12-22;407,60;Ton
2015-12-23;392,10;Ton
2015-12-24;361,70;Ton
2015-12-25;340,45;Ton
2015-12-26;383,80;Ton
2015-12-27;162,90;Ton
2015-12-28;392,75;Ton
2015-12-29;408,45;Ton
2015-12-30;350,20;Ton
2015-12-31;310,00;Ton
2016-01-01;276,00;Ton
2016-02-01;310,45;Ton
2016-03-01;167,30;Ton
2016-04-01;383,65;Ton
2016-05-01;438,30;Ton
2016-06-01;393,40;Ton
2016-07-01;375,45;Ton
2016-08-01;379,35;Ton
2016-09-01;394,80;Ton
2016-10-01;181,30;Ton
2016-11-01;457,25;Ton
2016-12-01;520,80;Ton
2016-01-13;397,85;Ton
2016-01-14;344,10;Ton
2016-01-15;336,70;Ton
2016-01-16;335,05;Ton
2016-01-17;178,75;Ton
2016-01-18;442,95;Ton
2016-01-19;406,55;Ton
2016-01-20;329,60;Ton
2016-01-21;342,75;Ton
2016-01-22;322,55;Ton
2016-01-23;340,50;Ton
2016-01-24;139,05;Ton
2016-01-25;365,60;Ton
2016-01-26;348,70;Ton
2016-01-27;333,30;Ton
2016-01-28;320,05;Ton
2016-01-29;348,90;Ton
2016-01-30;371,80;Ton
2016-01-31;184,80;Ton
2016-01-02;439,75;Ton
2016-02-02;440,35;Ton
2016-03-02;404,50;Ton
2016-04-02;370,85;Ton
2016-05-02;357,60;Ton
2016-06-02;372,30;Ton
2016-07-02;154,30;Ton
2016-08-02;404,90;Ton
2016-09-02;407,05;Ton
2016-10-02;397,50;Ton
2016-11-02;349,10;Ton
2016-12-02;326,05;Ton
2016-02-13;331,40;Ton
2016-02-14;174,60;Ton
2016-02-15;464,35;Ton
2016-02-16;445,60;Ton
2016-02-17;379,00;Ton
2016-02-18;373,30;Ton
2016-02-19;334,20;Ton
2016-02-20;312,80;Ton
2016-02-21;165,95;Ton
2016-02-22;395,70;Ton
2016-02-23;423,85;Ton
2016-02-24;383,00;Ton
2016-02-25;373,65;Ton
2016-02-26;337,10;Ton
2016-02-27;353,25;Ton
2016-02-28;155,00;Ton
2016-02-29;488,35;Ton
2016-01-03;469,80;Ton
2016-02-03;360,50;Ton
2016-03-03;322,25;Ton
2016-04-03;313,90;Ton
2016-05-03;326,15;Ton
2016-06-03;163,55;Ton
2016-07-03;434,40;Ton
2016-08-03;479,10;Ton
2016-09-03;390,55;Ton
2016-10-03;346,25;Ton
2016-11-03;349,00;Ton
2016-12-03;325,75;Ton
2016-03-13;177,40;Ton
2016-03-14;486,90;Ton
2016-03-15;391,25;Ton
2016-03-16;308,30;Ton
2016-03-17;317,30;Ton
2016-03-18;293,10;Ton
2016-03-19;326,75;Ton
2016-03-20;187,15;Ton
2016-03-21;400,20;Ton
2016-03-22;410,10;Ton
2016-03-23;391,50;Ton
2016-03-24;302,20;Ton
2016-03-25;318,10;Ton
2016-03-26;302,80;Ton
2016-03-27;147,90;Ton
2016-03-28;435,35;Ton
2016-03-29;418,70;Ton
2016-03-30;336,10;Ton
2016-03-31;357,40;Ton
2016-01-04;297,80;Ton
2016-02-04;352,55;Ton
2016-03-04;195,80;Ton
2016-04-04;406,30;Ton
2016-05-04;428,45;Ton
2016-06-04;356,80;Ton
2016-07-04;322,20;Ton
2016-08-04;356,55;Ton
2016-09-04;323,20;Ton
2016-10-04;169,95;Ton
2016-11-04;412,35;Ton
2016-12-04;381,30;Ton
2016-04-13;322,55;Ton
2016-04-14;317,95;Ton
2016-04-15;276,45;Ton
2016-04-16;310,50;Ton
2016-04-17;179,45;Ton
2016-04-18;418,95;Ton
2016-04-19;388,60;Ton
2016-04-20;325,85;Ton
2016-04-21;277,75;Ton
2016-04-22;343,05;Ton
2016-04-23;298,60;Ton
2016-04-24;183,65;Ton
2016-04-25;337,65;Ton
2016-04-26;337,05;Ton
2016-04-27;284,55;Ton
2016-04-28;313,65;Ton
2016-04-29;343,45;Ton
2016-04-30;297,55;Ton
2016-01-05;177,40;Ton
2016-02-05;439,90;Ton
2016-03-05;365,05;Ton
2016-04-05;333,20;Ton
2016-05-05;286,05;Ton
2016-06-05;292,95;Ton
2016-07-05;311,85;Ton
2016-08-05;150,45;Ton
2016-09-05;450,20;Ton
2016-10-05;360,90;Ton
2016-11-05;359,90;Ton
2016-12-05;327,45;Ton
2016-05-13;280,35;Ton
2016-05-14;295,20;Ton
2016-05-15;165,70;Ton
2016-05-16;376,10;Ton
2016-05-17;388,05;Ton
2016-05-18;329,25;Ton
2016-05-19;326,60;Ton
2016-05-20;325,65;Ton
2016-05-21;297,40;Ton
2016-05-22;136,20;Ton
2016-05-23;406,60;Ton
2016-05-24;371,45;Ton
2016-05-25;343,75;Ton
2016-05-26;283,80;Ton
2016-05-27;326,40;Ton
2016-05-28;306,75;Ton
2016-05-29;190,45;Ton
2016-05-30;434,55;Ton
2016-05-31;404,40;Ton
2016-01-06;358,65;Ton
2016-02-06;322,45;Ton
2016-03-06;341,35;Ton
2016-04-06;366,10;Ton
2016-05-06;203,65;Ton
2016-06-06;484,70;Ton
2016-07-06;423,60;Ton
2016-08-06;355,55;Ton
2016-09-06;348,60;Ton
2016-10-06;397,95;Ton
2016-11-06;341,60;Ton
2016-12-06;168,25;Ton
2016-06-13;454,25;Ton
2016-06-14;378,45;Ton
2016-06-15;350,40;Ton
2016-06-16;326,95;Ton
2016-06-17;321,80;Ton
2016-06-18;320,55;Ton
2016-06-19;167,30;Ton
2016-06-20;422,25;Ton
2016-06-21;387,70;Ton
2016-06-22;347,90;Ton
2016-06-23;359,15;Ton
2016-06-24;349,80;Ton
2016-06-25;368,05;Ton
2016-06-26;191,70;Ton
2016-06-27;409,10;Ton
2016-06-28;442,25;Ton
2016-06-29;401,15;Ton
2016-06-30;402,90;Ton
2016-01-07;399,90;Ton
2016-02-07;403,85;Ton
2016-03-07;221,60;Ton
2016-04-07;554,70;Ton
2016-05-07;435,70;Ton
2016-06-07;332,30;Ton
2016-07-07;241,30;Ton
2016-08-07;250,95;Ton
2016-09-07;293,80;Ton
2016-10-07;150,55;Ton
2016-11-07;376,50;Ton
2016-12-07;376,15;Ton
2016-07-13;355,05;Ton
2016-07-14;319,55;Ton
2016-07-15;339,40;Ton
2016-07-16;287,85;Ton
2016-07-17;149,50;Ton
2016-07-18;422,95;Ton
2016-07-19;410,05;Ton
2016-07-20;344,95;Ton
2016-07-21;354,60;Ton
2016-07-22;321,70;Ton
2016-07-23;353,90;Ton
2016-07-24;165,80;Ton
2016-07-25;400,85;Ton
2016-07-26;388,95;Ton
2016-07-27;328,90;Ton
2016-07-28;310,55;Ton
2016-07-29;322,55;Ton
2016-07-30;333,05;Ton
2016-07-31;164,25;Ton
2016-01-08;409,30;Ton
2016-02-08;386,30;Ton
2016-03-08;328,00;Ton
2016-04-08;333,75;Ton
2016-05-08;300,50;Ton
2016-06-08;339,75;Ton
2016-07-08;163,40;Ton
2016-08-08;410,75;Ton
2016-09-08;395,85;Ton
2016-10-08;347,90;Ton
2016-11-08;332,55;Ton
2016-12-08;339,10;Ton
2016-08-13;368,10;Ton
2016-08-14;170,10;Ton
2016-08-15;444,10;Ton
2016-08-16;378,25;Ton
2016-08-17;343,55;Ton
2016-08-18;345,10;Ton
2016-08-19;314,20;Ton
2016-08-20;354,40;Ton
2016-08-21;180,95;Ton
2016-08-22;428,55;Ton
2016-08-23;403,10;Ton
2016-08-24;362,00;Ton
2016-08-25;333,20;Ton
2016-08-26;360,30;Ton
2016-08-27;345,70;Ton
2016-08-28;198,70;Ton
2016-08-29;460,10;Ton
2016-08-30;408,50;Ton
2016-08-31;399,20;Ton
2016-01-09;371,45;Ton
2016-02-09;357,55;Ton
2016-03-09;384,30;Ton
2016-04-09;185,05;Ton
2016-05-09;474,75;Ton
2016-06-09;478,85;Ton
2016-07-09;415,20;Ton
2016-08-09;377,85;Ton
2016-09-09;386,65;Ton
2016-10-09;461,50;Ton
2016-11-09;504,30;Ton
2016-12-09;509,45;Ton
2016-09-13;697,40;Ton
2016-09-14;524,40;Ton
2016-09-15;421,15;Ton
2016-09-16;330,25;Ton
2016-09-17;361,75;Ton
2016-09-18;166,95;Ton
2016-09-19;433,70;Ton
2016-09-20;424,55;Ton
2016-09-21;382,15;Ton
2016-09-22;368,30;Ton
2016-09-23;383,70;Ton
2016-09-24;369,95;Ton
2016-09-25;187,30;Ton
2016-09-26;481,40;Ton
2016-09-27;418,60;Ton
2016-09-28;369,20;Ton
2016-09-29;343,75;Ton
2016-09-30;338,80;Ton
2016-01-10;338,55;Ton
2016-02-10;195,40;Ton
2016-03-10;438,60;Ton
2016-04-10;396,20;Ton
2016-05-10;355,05;Ton
2016-06-10;282,50;Ton
2016-07-10;340,70;Ton
2016-08-10;308,00;Ton
2016-09-10;187,00;Ton
2016-10-10;455,15;Ton
2016-11-10;416,30;Ton
2016-12-10;331,75;Ton
2016-10-13;371,25;Ton
2016-10-14;314,50;Ton
2016-10-15;350,60;Ton
2016-10-16;185,05;Ton
2016-10-17;408,35;Ton
2016-10-18;377,60;Ton
2016-10-19;329,80;Ton
2016-10-20;321,60;Ton
2016-10-21;345,80;Ton
2016-10-22;305,75;Ton
2016-10-23;156,25;Ton
2016-10-24;460,15;Ton
2016-10-25;412,65;Ton
2016-10-26;351,80;Ton
2016-10-27;366,30;Ton
2016-10-28;319,20;Ton
2016-10-29;362,60;Ton
2016-10-30;168,95;Ton
2016-10-31;464,55;Ton
2016-01-11;408,60;Ton
2016-02-11;346,60;Ton
2016-03-11;333,05;Ton
2016-04-11;351,55;Ton
2016-05-11;370,50;Ton
2016-06-11;178,60;Ton
2016-07-11;441,30;Ton
2016-08-11;425,70;Ton
2016-09-11;408,25;Ton
2016-10-11;357,65;Ton
2016-11-11;407,15;Ton
2016-12-11;338,75;Ton
2016-11-13;186,55;Ton
2016-11-14;475,25;Ton
2016-11-15;435,85;Ton
2016-11-16;378,20;Ton
2016-11-17;339,95;Ton
2016-11-18;359,85;Ton
2016-11-19;354,00;Ton
2016-11-20;193,35;Ton
2016-11-21;463,95;Ton
2016-11-22;418,85;Ton
2016-11-23;385,50;Ton
2016-11-24;346,05;Ton
2016-11-25;325,00;Ton
2016-11-26;352,30;Ton
2016-11-27;193,55;Ton
2016-11-28;435,15;Ton
2016-11-29;439,50;Ton
2016-11-30;395,30;Ton
2016-01-12;376,75;Ton
2016-02-12;335,30;Ton
2016-03-12;360,15;Ton
2016-04-12;184,40;Ton
2016-05-12;438,30;Ton
2016-06-12;382,15;Ton
2016-07-12;394,15;Ton
2016-08-12;355,20;Ton
2016-09-12;311,30;Ton
2016-10-12;331,15;Ton
2016-11-12;177,40;Ton
2016-12-12;417,50;Ton
2016-12-13;388,55;Ton
2016-12-14;326,95;Ton
2016-12-15;289,95;Ton
2016-12-16;307,25;Ton
2016-12-17;306,05;Ton
2016-12-18;158,15;Ton
2016-12-19;359,50;Ton
2016-12-20;352,90;Ton
2016-12-21;267,15;Ton
2016-12-22;162,80;Ton
2016-12-23;84,65;Ton
2016-12-24;314,80;Ton
2016-12-25;235,45;Ton
2016-12-26;397,90;Ton
2016-12-27;145,90;Ton
2016-12-28;458,40;Ton
2016-12-29;432,10;Ton
2016-12-30;89,55;Ton
2016-12-31;396,80;Ton
2017-01-01;343,65;Ton
2017-02-01;287,80;Ton
2017-03-01;303,00;Ton
2017-04-01;388,60;Ton
2017-05-01;392,10;Ton
2017-06-01;449,60;Ton
2017-07-01;464,50;Ton
2017-08-01;314,45;Ton
2017-09-01;371,65;Ton
2017-10-01;325,00;Ton
2017-11-01;343,10;Ton
2017-12-01;364,10;Ton
2017-01-13;392,05;Ton
2017-01-14;338,70;Ton
2017-01-15;321,85;Ton
2017-01-16;389,60;Ton
2017-01-17;454,45;Ton
2017-01-18;347,05;Ton
2017-01-19;401,95;Ton
2017-01-20;333,20;Ton
2017-01-21;409,50;Ton
2017-01-22;374,40;Ton
2017-01-23;411,60;Ton
2017-01-24;327,50;Ton
2017-01-25;356,40;Ton
2017-01-26;312,65;Ton
2017-01-27;250,50;Ton
2017-01-28;291,10;Ton
2017-01-29;165,95;Ton
2017-01-30;336,65;Ton
2017-01-31;342,60;Ton
2017-01-02;331,85;Ton
2017-02-02;268,30;Ton
2017-03-02;339,35;Ton
2017-04-02;370,55;Ton
2017-05-02;270,15;Ton
2017-06-02;451,70;Ton
2017-07-02;501,20;Ton
2017-08-02;463,90;Ton
2017-09-02;480,90;Ton
2017-10-02;396,10;Ton
2017-11-02;456,40;Ton
2017-12-02;249,45;Ton
2017-02-13;440,85;Ton
2017-02-14;372,50;Ton
2017-02-15;352,35;Ton
2017-02-16;325,50;Ton
2017-02-17;302,30;Ton
2017-02-18;416,00;Ton
2017-02-19;215,25;Ton
2017-02-20;449,75;Ton
2017-02-21;477,45;Ton
2017-02-22;474,20;Ton
2017-02-23;449,30;Ton
2017-02-24;417,10;Ton
2017-02-25;469,75;Ton
2017-02-26;238,55;Ton
2017-02-27;564,60;Ton
2017-02-28;557,95;Ton
2017-01-03;442,85;Ton
2017-02-03;488,05;Ton
2017-03-03;401,15;Ton
2017-04-03;413,45;Ton
2017-05-03;276,85;Ton
2017-06-03;566,10;Ton
2017-07-03;520,30;Ton
2017-08-03;491,15;Ton
2017-09-03;425,80;Ton
2017-10-03;356,55;Ton
2017-11-03;393,90;Ton
2017-12-03;174,50;Ton
2017-03-13;475,40;Ton
2017-03-14;466,80;Ton
2017-03-15;384,05;Ton
2017-03-16;386,75;Ton
2017-03-17;356,30;Ton
2017-03-18;401,40;Ton
2017-03-19;178,80;Ton
2017-03-20;520,10;Ton
2017-03-21;494,90;Ton
2017-03-22;448,25;Ton
2017-03-23;380,20;Ton
2017-03-24;390,35;Ton
2017-03-25;419,60;Ton
2017-03-26;197,95;Ton
2017-03-27;558,20;Ton
2017-03-28;442,25;Ton
2017-03-29;423,80;Ton
2017-03-30;395,95;Ton
2017-03-31;352,85;Ton
2017-01-04;364,70;Ton
2017-02-04;193,65;Ton
2017-03-04;510,30;Ton
2017-04-04;445,00;Ton
2017-05-04;382,15;Ton
2017-06-04;358,20;Ton
2017-07-04;356,95;Ton
2017-08-04;379,85;Ton
2017-09-04;193,70;Ton
2017-10-04;402,30;Ton
2017-11-04;400,30;Ton
2017-12-04;355,85;Ton
2017-04-13;328,20;Ton
2017-04-14;308,05;Ton
2017-04-15;364,10;Ton
2017-04-16;186,60;Ton
2017-04-17;455,15;Ton
2017-04-18;411,25;Ton
2017-04-19;387,80;Ton
2017-04-20;335,20;Ton
2017-04-21;326,85;Ton
2017-04-22;323,35;Ton
2017-04-23;185,75;Ton
2017-04-24;420,65;Ton
2017-04-25;398,85;Ton
2017-04-26;344,15;Ton
2017-04-27;368,45;Ton
2017-04-28;335,80;Ton
2017-04-29;351,65;Ton
2017-04-30;179,80;Ton
2017-01-05;392,80;Ton
2017-02-05;343,82;Ton
2017-03-05;326,76;Ton
2017-04-05;314,22;Ton
2017-05-05;328,84;Ton
2017-06-05;314,28;Ton
2017-07-05;197,26;Ton
2017-08-05;441,94;Ton
2017-09-05;385,92;Ton
2017-10-05;384,96;Ton
2017-11-05;338,96;Ton
2017-12-05;355,18;Ton
2017-05-13;395,40;Ton
2017-05-14;180,00;Ton
2017-05-15;488,16;Ton
2017-05-16;446,26;Ton
2017-05-17;417,22;Ton
2017-05-18;383,46;Ton
2017-05-19;360,72;Ton
2017-05-20;356,42;Ton
2017-05-21;188,68;Ton
2017-05-22;463,86;Ton
2017-05-23;436,38;Ton
2017-05-24;377,84;Ton
2017-05-25;431,34;Ton
2017-05-26;384,82;Ton
2017-05-27;370,80;Ton
2017-05-28;168,36;Ton
2017-05-29;438,42;Ton
2017-05-30;424,16;Ton
2017-05-31;374,34;Ton
2017-01-06;359,52;Ton
2017-02-06;335,14;Ton
2017-03-06;345,80;Ton
2017-04-06;164,90;Ton
2017-05-06;460,98;Ton
2017-06-06;418,92;Ton
2017-07-06;367,44;Ton
2017-08-06;379,40;Ton
2017-09-06;377,36;Ton
2017-10-06;398,52;Ton
2017-11-06;209,92;Ton
2017-12-06;471,86;Ton
2017-06-13;420,44;Ton
2017-06-14;388,14;Ton
2017-06-15;372,70;Ton
2017-06-16;398,82;Ton
2017-06-17;386,70;Ton
2017-06-18;171,76;Ton
2017-06-19;475,16;Ton
2017-06-20;474,14;Ton
2017-06-21;462,36;Ton
2017-06-22;410,18;Ton
2017-06-23;415,72;Ton
2017-06-24;514,40;Ton
2017-06-25;372,96;Ton
2017-06-26;346,28;Ton
2017-06-27;270,14;Ton
2017-06-28;270,74;Ton
2017-06-29;328,28;Ton
2017-06-30;329,02;Ton
2017-01-07;372,96;Ton
2017-02-07;177,14;Ton
2017-03-07;458,42;Ton
2017-04-07;452,68;Ton
2017-05-07;417,82;Ton
2017-06-07;390,52;Ton
2017-07-07;359,20;Ton
2017-08-07;404,08;Ton
2017-09-07;187,28;Ton
2017-10-07;479,08;Ton
2017-11-07;438,54;Ton
2017-12-07;404,60;Ton
2017-07-13;375,10;Ton
2017-07-14;383,48;Ton
2017-07-15;378,02;Ton
2017-07-16;175,22;Ton
2017-07-17;490,92;Ton
2017-07-18;415,24;Ton
2017-07-19;443,46;Ton
2017-07-20;396,96;Ton
2017-07-21;406,66;Ton
2017-07-22;381,00;Ton
2017-07-23;212,28;Ton
2017-07-24;511,30;Ton
2017-07-25;440,70;Ton
2017-07-26;397,12;Ton
2017-07-27;391,12;Ton
2017-07-28;385,92;Ton
2017-07-29;407,20;Ton
2017-07-30;200,88;Ton
2017-07-31;467,96;Ton
2017-01-08;423,12;Ton
2017-02-08;392,10;Ton
2017-03-08;399,16;Ton
2017-04-08;373,70;Ton
2017-05-08;428,96;Ton
2017-06-08;198,16;Ton
2017-07-08;467,98;Ton
2017-08-08;443,70;Ton
2017-09-08;423,42;Ton
2017-10-08;387,96;Ton
2017-11-08;377,42;Ton
2017-12-08;380,22;Ton
2017-08-13;209,42;Ton
2017-08-14;478,20;Ton
2017-08-15;446,98;Ton
2017-08-16;417,94;Ton
2017-08-17;398,04;Ton
2017-08-18;404,84;Ton
2017-08-19;420,74;Ton
2017-08-20;210,32;Ton
2017-08-21;488,26;Ton
2017-08-22;450,30;Ton
2017-08-23;435,52;Ton
2017-08-24;412,48;Ton
2017-08-25;397,56;Ton
2017-08-26;446,50;Ton
2017-08-27;228,08;Ton
2017-08-28;556,08;Ton
2017-08-29;476,54;Ton
2017-08-30;510,44;Ton
2017-08-31;586,20;Ton
2017-01-09;584,52;Ton
2017-02-09;852,06;Ton
2017-03-09;521,40;Ton
2017-04-09;326,42;Ton
2017-05-09;327,70;Ton
2017-06-09;381,90;Ton
2017-07-09;344,68;Ton
2017-08-09;374,42;Ton
2017-09-09;391,70;Ton
2017-10-09;154,90;Ton
2017-11-09;503,64;Ton
2017-12-09;435,26;Ton
2017-09-13;375,82;Ton
2017-09-14;392,32;Ton
2017-09-15;384,96;Ton
2017-09-16;413,04;Ton
2017-09-17;178,36;Ton
2017-09-18;487,42;Ton
2017-09-19;448,00;Ton
2017-09-20;443,78;Ton
2017-09-21;382,78;Ton
2017-09-22;360,04;Ton
2017-09-23;403,98;Ton
2017-09-24;200,56;Ton
2017-09-25;479,48;Ton
2017-09-26;467,60;Ton
2017-09-27;401,44;Ton
2017-09-28;369,06;Ton
2017-09-29;367,88;Ton
2017-09-30;408,26;Ton
2017-01-10;189,94;Ton
2017-02-10;445,40;Ton
2017-03-10;476,32;Ton
2017-04-10;392,06;Ton
2017-05-10;347,38;Ton
2017-06-10;339,36;Ton
2017-07-10;334,92;Ton
2017-08-10;176,70;Ton
2017-09-10;472,12;Ton
2017-10-10;425,08;Ton
2017-11-10;389,28;Ton
2017-12-10;370,06;Ton
2017-10-13;348,68;Ton
2017-10-14;385,18;Ton
2017-10-15;172,42;Ton
2017-10-16;470,12;Ton
2017-10-17;405,50;Ton
2017-10-18;417,50;Ton
2017-10-19;366,64;Ton
2017-10-20;347,18;Ton
2017-10-21;380,16;Ton
2017-10-22;180,14;Ton
2017-10-23;479,42;Ton
2017-10-24;442,40;Ton
2017-10-25;385,14;Ton
2017-10-26;395,56;Ton
2017-10-27;392,18;Ton
2017-10-28;402,80;Ton
2017-10-29;190,48;Ton
2017-10-30;456,86;Ton
2017-10-31;441,42;Ton
2017-01-11;443,26;Ton
2017-02-11;371,20;Ton
2017-03-11;383,98;Ton
2017-04-11;372,48;Ton
2017-05-11;210,00;Ton
2017-06-11;538,60;Ton
2017-07-11;524,08;Ton
2017-08-11;483,48;Ton
2017-09-11;432,72;Ton
2017-10-11;428,88;Ton
2017-11-11;418,66;Ton
2017-12-11;189,42;Ton
2017-11-13;538,62;Ton
2017-11-14;523,66;Ton
2017-11-15;464,06;Ton
2017-11-16;404,82;Ton
2017-11-17;394,94;Ton
2017-11-18;413,04;Ton
2017-11-19;210,92;Ton
2017-11-20;562,54;Ton
2017-11-21;563,64;Ton
2017-11-22;486,62;Ton
2017-11-23;450,98;Ton
2017-11-24;435,66;Ton
2017-11-25;457,30;Ton
2017-11-26;211,26;Ton
2017-11-27;542,56;Ton
2017-11-28;495,02;Ton
2017-11-29;424,22;Ton
2017-11-30;400,74;Ton
2017-01-12;403,46;Ton
2017-02-12;405,18;Ton
2017-03-12;209,88;Ton
2017-04-12;538,42;Ton
2017-05-12;478,94;Ton
2017-06-12;425,64;Ton
2017-07-12;380,18;Ton
2017-08-12;353,48;Ton
2017-09-12;385,06;Ton
2017-10-12;187,92;Ton
2017-11-12;469,08;Ton
2017-12-12;446,00;Ton
2017-12-13;428,78;Ton
2017-12-14;397,26;Ton
2017-12-15;373,52;Ton
2017-12-16;389,22;Ton
2017-12-17;186,94;Ton
2017-12-18;518,74;Ton
2017-12-19;449,02;Ton
2017-12-20;428,64;Ton
2017-12-21;392,14;Ton
2017-12-22;372,68;Ton
2017-12-23;410,50;Ton
2017-12-24;190,50;Ton
2017-12-25;419,32;Ton
2017-12-26;383,14;Ton
2017-12-27;373,40;Ton
2017-12-28;334,50;Ton
2017-12-29;377,98;Ton
2017-12-30;370,20;Ton
2017-12-31;202,80;Ton
2018-01-01;487,70;Ton
2018-02-01;447,68;Ton
2018-03-01;426,72;Ton
2018-04-01;406,64;Ton
2018-05-01;399,76;Ton
2018-06-01;387,84;Ton
2018-07-01;210,86;Ton
2018-08-01;456,04;Ton
2018-09-01;433,34;Ton
2018-10-01;416,82;Ton
2018-11-01;346,60;Ton
2018-12-01;403,90;Ton
2018-01-13;388,28;Ton
2018-01-14;193,80;Ton
2018-01-15;465,38;Ton
2018-01-16;408,02;Ton
2018-01-17;392,74;Ton
2018-01-18;361,14;Ton
2018-01-19;340,24;Ton
2018-01-20;367,24;Ton
2018-01-21;220,06;Ton
