tarih;saat;yukleme_adedi;yukleme_yapilan_kart_adedi
2021-01-01;0;2;2
2021-01-01;1;1;1
2021-01-01;4;1;1
2021-01-01;7;27;27
2021-01-01;8;19;19
2021-01-01;9;24;23
2021-01-01;10;52;51
2021-01-01;11;56;56
2021-01-01;12;38;38
2021-01-01;13;132;128
2021-01-01;14;124;118
2021-01-01;15;128;125
2021-01-01;16;146;140
2021-01-01;17;53;53
2021-01-01;18;34;34
2021-01-01;19;17;16
2021-01-01;20;13;12
2021-01-01;21;7;7
2021-01-01;22;4;4
2021-01-01;23;7;7
2021-01-02;0;1;1
2021-01-02;6;5;5
2021-01-02;7;22;21
2021-01-02;8;32;31
2021-01-02;9;20;20
2021-01-02;10;58;56
2021-01-02;11;63;63
2021-01-02;12;114;113
2021-01-02;13;144;141
2021-01-02;14;188;185
2021-01-02;15;167;166
2021-01-02;16;213;210
2021-01-02;17;68;67
2021-01-02;18;51;40
2021-01-02;19;29;23
2021-01-02;20;9;8
2021-01-02;21;6;5
2021-01-02;22;3;3
2021-01-02;23;1;1
2021-01-03;3;1;1
2021-01-03;4;1;1
2021-01-03;5;1;1
2021-01-03;6;2;2
2021-01-03;7;3;3
2021-01-03;8;18;9
2021-01-03;9;11;11
2021-01-03;10;61;60
2021-01-03;11;85;85
2021-01-03;12;120;112
2021-01-03;13;174;174
2021-01-03;14;248;245
2021-01-03;15;280;276
2021-01-03;16;278;276
2021-01-03;17;79;71
2021-01-03;18;32;32
2021-01-03;19;18;18
2021-01-03;20;11;11
2021-01-03;21;20;20
2021-01-03;22;27;27
2021-01-03;23;21;20
2021-01-04;0;9;9
2021-01-04;4;2;2
2021-01-04;5;3;3
2021-01-04;6;94;94
2021-01-04;7;1268;1257
2021-01-04;8;1270;1260
2021-01-04;9;1085;1077
2021-01-04;10;1014;1007
2021-01-04;11;1196;1184
2021-01-04;12;1405;1387
2021-01-04;13;1334;1318
2021-01-04;14;1400;1386
2021-01-04;15;1168;1158
2021-01-04;16;1339;1327
2021-01-04;17;1367;1347
2021-01-04;18;1778;1756
2021-01-04;19;1497;1483
2021-01-04;20;625;618
2021-01-04;21;44;43
2021-01-04;22;36;36
2021-01-04;23;24;21
2021-01-05;0;2;2
2021-01-05;3;1;1
2021-01-05;4;1;1
2021-01-05;5;3;3
2021-01-05;6;81;81
2021-01-05;7;744;737
2021-01-05;8;955;948
2021-01-05;9;881;872
2021-01-05;10;909;900
2021-01-05;11;986;970
2021-01-05;12;1186;1168
2021-01-05;13;1244;1229
2021-01-05;14;1249;1237
2021-01-05;15;1141;1131
2021-01-05;16;1110;1094
2021-01-05;17;1022;1014
2021-01-05;18;1322;1306
2021-01-05;19;1280;1266
2021-01-05;20;575;569
2021-01-05;21;36;36
2021-01-05;22;15;15
2021-01-05;23;17;17
2021-01-06;5;1;1
2021-01-06;6;92;91
2021-01-06;7;763;760
2021-01-06;8;947;939
2021-01-06;9;833;826
2021-01-06;10;885;878
2021-01-06;11;1049;1032
2021-01-06;12;1143;1126
2021-01-06;13;1183;1172
2021-01-06;14;1127;1113
2021-01-06;15;1089;1070
2021-01-06;16;1080;1068
2021-01-06;17;1174;1156
2021-01-06;18;1411;1393
2021-01-06;19;1283;1271
2021-01-06;20;553;539
2021-01-06;21;25;25
2021-01-06;22;17;17
2021-01-06;23;19;19
2021-01-07;1;1;1
2021-01-07;5;1;1
2021-01-07;6;85;85
2021-01-07;7;586;582
2021-01-07;8;518;515
2021-01-07;9;601;594
2021-01-07;10;907;892
2021-01-07;11;1023;1013
2021-01-07;12;1200;1186
2021-01-07;13;1245;1228
2021-01-07;14;1112;1100
2021-01-07;15;1135;1122
2021-01-07;16;1160;1142
2021-01-07;17;1151;1137
2021-01-07;18;1405;1391
2021-01-07;19;1254;1245
2021-01-07;20;536;530
2021-01-07;21;44;42
2021-01-07;22;27;27
2021-01-07;23;16;16
2021-01-08;0;1;1
2021-01-08;3;1;1
2021-01-08;5;3;3
2021-01-08;6;53;53
2021-01-08;7;644;635
2021-01-08;8;812;803
2021-01-08;9;849;842
2021-01-08;10;850;841
2021-01-08;11;990;983
2021-01-08;12;1105;1096
2021-01-08;13;1046;1039
2021-01-08;14;1469;1451
2021-01-08;15;1272;1265
2021-01-08;16;1175;1168
2021-01-08;17;1197;1186
2021-01-08;18;1337;1316
2021-01-08;19;1284;1271
2021-01-08;20;653;646
2021-01-08;21;27;26
2021-01-08;22;13;12
2021-01-08;23;20;19
2021-01-09;0;2;2
2021-01-09;6;5;5
2021-01-09;7;37;36
2021-01-09;8;27;25
2021-01-09;9;22;22
2021-01-09;10;58;56
2021-01-09;11;75;73
2021-01-09;12;104;102
2021-01-09;13;187;182
2021-01-09;14;208;202
2021-01-09;15;171;167
2021-01-09;16;225;224
2021-01-09;17;90;89
2021-01-09;18;52;52
2021-01-09;19;21;21
2021-01-09;20;10;9
2021-01-09;21;3;3
2021-01-09;22;5;5
2021-01-09;23;3;3
2021-01-10;0;2;2
2021-01-10;3;2;2
2021-01-10;6;1;1
2021-01-10;7;7;7
2021-01-10;8;8;8
2021-01-10;9;15;15
2021-01-10;10;69;68
2021-01-10;11;111;109
2021-01-10;12;156;155
2021-01-10;13;245;243
2021-01-10;14;271;270
2021-01-10;15;275;271
2021-01-10;16;279;275
2021-01-10;17;77;74
2021-01-10;18;29;29
2021-01-10;19;18;18
2021-01-10;20;18;18
2021-01-10;21;12;12
2021-01-10;22;24;24
2021-01-10;23;7;7
2021-01-11;0;3;3
2021-01-11;1;1;1
2021-01-11;4;2;2
2021-01-11;5;2;2
2021-01-11;6;128;126
2021-01-11;7;1251;1236
2021-01-11;8;1307;1298
2021-01-11;9;1113;1104
2021-01-11;10;1124;1108
2021-01-11;11;1276;1263
2021-01-11;12;1577;1550
2021-01-11;13;1580;1556
2021-01-11;14;1360;1345
2021-01-11;15;1356;1345
2021-01-11;16;1292;1278
2021-01-11;17;1314;1304
2021-01-11;18;1627;1605
2021-01-11;19;1474;1461
2021-01-11;20;483;477
2021-01-11;21;40;39
2021-01-11;22;29;26
2021-01-11;23;17;17
2021-01-12;0;4;4
2021-01-12;1;1;1
2021-01-12;2;1;1
2021-01-12;3;1;1
2021-01-12;5;1;1
2021-01-12;6;85;85
2021-01-12;7;699;694
2021-01-12;8;945;936
2021-01-12;9;872;867
2021-01-12;10;903;900
2021-01-12;11;988;970
2021-01-12;12;1197;1186
2021-01-12;13;1286;1273
2021-01-12;14;1212;1187
2021-01-12;15;1108;1086
2021-01-12;16;1035;1027
2021-01-12;17;1163;1148
2021-01-12;18;1378;1365
2021-01-12;19;1216;1204
2021-01-12;20;378;373
2021-01-12;21;29;29
2021-01-12;22;19;19
2021-01-12;23;11;11
2021-01-13;0;5;5
2021-01-13;2;1;1
2021-01-13;6;58;58
2021-01-13;7;658;655
2021-01-13;8;903;893
2021-01-13;9;752;748
2021-01-13;10;778;768
2021-01-13;11;788;773
2021-01-13;12;1050;1038
2021-01-13;13;815;805
2021-01-13;14;730;722
2021-01-13;15;780;774
2021-01-13;16;763;756
2021-01-13;17;827;818
2021-01-13;18;1337;1314
2021-01-13;19;1108;1089
2021-01-13;20;366;363
2021-01-13;21;45;45
2021-01-13;22;23;19
2021-01-13;23;18;18
2021-01-14;0;3;3
2021-01-14;1;1;1
2021-01-14;4;1;1
2021-01-14;5;2;2
2021-01-14;6;50;50
2021-01-14;7;635;629
2021-01-14;8;880;866
2021-01-14;9;728;721
2021-01-14;10;760;750
2021-01-14;11;909;898
2021-01-14;12;1074;1060
2021-01-14;13;1226;1212
2021-01-14;14;1181;1166
2021-01-14;15;1073;1062
2021-01-14;16;1068;1060
2021-01-14;17;915;907
2021-01-14;18;1308;1295
2021-01-14;19;1128;1111
2021-01-14;20;402;397
2021-01-14;21;32;32
2021-01-14;22;26;23
2021-01-14;23;8;8
2021-01-15;0;1;1
2021-01-15;5;1;1
2021-01-15;6;68;68
2021-01-15;7;624;621
2021-01-15;8;865;855
2021-01-15;9;804;791
2021-01-15;10;802;792
2021-01-15;11;923;912
2021-01-15;12;1168;1154
2021-01-15;13;1117;1105
2021-01-15;14;1390;1376
2021-01-15;15;1205;1195
2021-01-15;16;1142;1131
2021-01-15;17;1192;1175
2021-01-15;18;1370;1353
2021-01-15;19;1313;1295
2021-01-15;20;458;452
2021-01-15;21;44;42
2021-01-15;22;16;12
2021-01-15;23;9;9
2021-01-16;0;2;2
2021-01-16;1;1;1
2021-01-16;2;1;1
2021-01-16;5;1;1
2021-01-16;6;9;9
2021-01-16;7;36;31
2021-01-16;8;32;30
2021-01-16;9;26;26
2021-01-16;10;51;51
2021-01-16;11;89;88
2021-01-16;12;145;144
2021-01-16;13;216;209
2021-01-16;14;208;207
2021-01-16;15;198;195
2021-01-16;16;254;250
2021-01-16;17;103;102
2021-01-16;18;53;50
2021-01-16;19;26;23
2021-01-16;20;9;8
2021-01-16;21;4;4
2021-01-16;22;4;3
2021-01-16;23;5;5
2021-01-17;0;1;1
2021-01-17;1;1;1
2021-01-17;3;1;1
2021-01-17;4;1;1
2021-01-17;6;1;1
2021-01-17;7;9;8
2021-01-17;8;21;18
2021-01-17;9;15;15
2021-01-17;10;65;64
2021-01-17;11;120;119
2021-01-17;12;175;175
2021-01-17;13;241;238
2021-01-17;14;310;307
2021-01-17;15;331;324
2021-01-17;16;263;263
2021-01-17;17;63;63
2021-01-17;18;35;34
2021-01-17;19;22;22
2021-01-17;20;9;9
2021-01-17;21;16;16
2021-01-17;22;24;23
2021-01-17;23;30;29
2021-01-18;0;4;4
2021-01-18;2;1;1
2021-01-18;3;1;1
2021-01-18;4;2;2
2021-01-18;6;106;106
2021-01-18;7;1185;1170
2021-01-18;8;1227;1216
2021-01-18;9;1092;1081
2021-01-18;10;1080;1068
2021-01-18;11;1235;1221
2021-01-18;12;1416;1405
2021-01-18;13;1485;1477
2021-01-18;14;1332;1320
2021-01-18;15;1253;1238
2021-01-18;16;1060;1045
2021-01-18;17;1217;1205
2021-01-18;18;1636;1623
2021-01-18;19;1460;1425
2021-01-18;20;541;522
2021-01-18;21;56;49
2021-01-18;22;26;22
2021-01-18;23;18;15
2021-01-19;0;1;1
2021-01-19;1;1;1
2021-01-19;3;2;2
2021-01-19;5;1;1
2021-01-19;6;62;62
2021-01-19;7;686;684
2021-01-19;8;986;979
2021-01-19;9;844;839
2021-01-19;10;799;792
2021-01-19;11;936;922
2021-01-19;12;1253;1242
2021-01-19;13;1260;1245
2021-01-19;14;1225;1217
2021-01-19;15;1170;1155
2021-01-19;16;1068;1052
2021-01-19;17;1104;1091
2021-01-19;18;1372;1358
2021-01-19;19;1222;1211
2021-01-19;20;441;435
2021-01-19;21;49;48
2021-01-19;22;26;26
2021-01-19;23;17;17
2021-01-20;0;7;7
2021-01-20;1;2;2
2021-01-20;4;2;2
2021-01-20;5;3;3
2021-01-20;6;72;71
2021-01-20;7;671;669
2021-01-20;8;885;872
2021-01-20;9;779;771
2021-01-20;10;792;787
2021-01-20;11;868;860
2021-01-20;12;1108;1095
2021-01-20;13;1206;1193
2021-01-20;14;1100;1084
2021-01-20;15;1126;1115
2021-01-20;16;1066;1050
2021-01-20;17;1132;1113
2021-01-20;18;1460;1445
2021-01-20;19;1254;1238
2021-01-20;20;401;398
2021-01-20;21;50;47
2021-01-20;22;26;26
2021-01-20;23;11;11
2021-01-21;0;1;1
2021-01-21;1;3;3
2021-01-21;3;1;1
2021-01-21;5;1;1
2021-01-21;6;69;69
2021-01-21;7;581;578
2021-01-21;8;843;835
2021-01-21;9;716;710
2021-01-21;10;753;742
2021-01-21;11;905;895
2021-01-21;12;1169;1158
2021-01-21;13;1258;1244
2021-01-21;14;1176;1157
2021-01-21;15;1076;1066
2021-01-21;16;1056;1040
2021-01-21;17;992;987
2021-01-21;18;1318;1305
2021-01-21;19;1211;1202
2021-01-21;20;416;410
2021-01-21;21;40;39
2021-01-21;22;21;19
2021-01-21;23;15;15
2021-01-22;0;5;5
2021-01-22;2;1;1
2021-01-22;3;1;1
2021-01-22;5;1;1
2021-01-22;6;58;58
2021-01-22;7;668;659
2021-01-22;8;885;874
2021-01-22;9;785;777
2021-01-22;10;864;856
2021-01-22;11;989;974
2021-01-22;12;1150;1141
2021-01-22;13;1029;1014
2021-01-22;14;1420;1401
2021-01-22;15;1241;1222
2021-01-22;16;1216;1194
2021-01-22;17;1179;1167
2021-01-22;18;1429;1416
2021-01-22;19;1212;1191
2021-01-22;20;487;478
2021-01-22;21;50;50
2021-01-22;22;11;11
2021-01-22;23;10;10
2021-01-23;0;3;3
2021-01-23;6;10;10
2021-01-23;7;32;31
2021-01-23;8;35;33
2021-01-23;9;41;41
2021-01-23;10;65;63
2021-01-23;11;75;73
2021-01-23;12;127;127
2021-01-23;13;194;192
2021-01-23;14;245;233
2021-01-23;15;228;225
2021-01-23;16;259;252
2021-01-23;17;103;102
2021-01-23;18;62;58
2021-01-23;19;17;15
2021-01-23;20;13;13
2021-01-23;21;10;10
2021-01-23;22;6;6
2021-01-23;23;4;4
2021-01-24;0;1;1
2021-01-24;1;1;1
2021-01-24;6;1;1
2021-01-24;7;14;14
2021-01-24;8;18;18
2021-01-24;9;23;20
2021-01-24;10;77;77
2021-01-24;11;103;101
2021-01-24;12;173;169
2021-01-24;13;263;259
2021-01-24;14;281;278
2021-01-24;15;359;355
2021-01-24;16;340;337
2021-01-24;17;92;91
2021-01-24;18;35;30
2021-01-24;19;19;19
2021-01-24;20;17;17
2021-01-24;21;22;20
2021-01-24;22;24;24
2021-01-24;23;24;24
2021-01-25;0;6;6
2021-01-25;1;2;2
2021-01-25;2;1;1
2021-01-25;3;2;2
2021-01-25;4;1;1
2021-01-25;5;3;3
2021-01-25;6;125;125
2021-01-25;7;1290;1283
2021-01-25;8;1431;1427
2021-01-25;9;1233;1218
2021-01-25;10;1185;1178
2021-01-25;11;1381;1370
2021-01-25;12;1819;1799
2021-01-25;13;1670;1652
2021-01-25;14;1604;1586
2021-01-25;15;1523;1505
2021-01-25;16;1439;1421
2021-01-25;17;1330;1314
2021-01-25;18;1707;1698
2021-01-25;19;1426;1413
2021-01-25;20;536;526
2021-01-25;21;57;57
2021-01-25;22;16;15
2021-01-25;23;23;23
2021-01-26;0;3;3
2021-01-26;1;1;1
2021-01-26;4;1;1
2021-01-26;5;1;1
2021-01-26;6;64;64
2021-01-26;7;751;745
2021-01-26;8;1010;1001
2021-01-26;9;925;915
2021-01-26;10;978;971
2021-01-26;11;1104;1094
2021-01-26;12;1416;1405
2021-01-26;13;1440;1430
2021-01-26;14;1339;1325
2021-01-26;15;1173;1151
2021-01-26;16;1250;1237
2021-01-26;17;1174;1154
2021-01-26;18;1340;1319
2021-01-26;19;1240;1223
2021-01-26;20;456;449
2021-01-26;21;38;38
2021-01-26;22;29;29
2021-01-26;23;20;20
2021-01-27;0;9;9
2021-01-27;2;3;3
2021-01-27;3;3;3
2021-01-27;6;60;60
2021-01-27;7;731;720
2021-01-27;8;935;927
2021-01-27;9;878;871
2021-01-27;10;883;875
2021-01-27;11;1080;1061
2021-01-27;12;1348;1328
2021-01-27;13;1327;1312
2021-01-27;14;1119;1100
2021-01-27;15;1177;1162
2021-01-27;16;1102;1085
2021-01-27;17;1014;1004
2021-01-27;18;1183;1174
2021-01-27;19;977;967
2021-01-27;20;367;363
2021-01-27;21;52;51
2021-01-27;22;27;27
2021-01-27;23;17;16
2021-01-28;0;2;2
2021-01-28;2;1;1
2021-01-28;3;1;1
2021-01-28;5;3;3
2021-01-28;6;66;66
2021-01-28;7;708;700
2021-01-28;8;868;865
2021-01-28;9;826;820
2021-01-28;10;873;861
2021-01-28;11;1033;1026
2021-01-28;12;1370;1353
2021-01-28;13;1371;1352
2021-01-28;14;1219;1207
2021-01-28;15;1172;1158
2021-01-28;16;1195;1173
2021-01-28;17;1026;1019
2021-01-28;18;1381;1368
2021-01-28;19;1302;1284
2021-01-28;20;466;458
2021-01-28;21;55;52
2021-01-28;22;9;9
2021-01-28;23;10;10
2021-01-29;0;7;7
2021-01-29;1;2;2
2021-01-29;3;1;1
2021-01-29;5;4;2
2021-01-29;6;63;63
2021-01-29;7;683;678
2021-01-29;8;916;913
2021-01-29;9;865;855
2021-01-29;10;904;890
2021-01-29;11;1037;1027
2021-01-29;12;1318;1308
2021-01-29;13;1059;1048
2021-01-29;14;1444;1429
2021-01-29;15;1255;1238
2021-01-29;16;1197;1187
2021-01-29;17;1196;1181
2021-01-29;18;1477;1463
2021-01-29;19;1343;1333
2021-01-29;20;529;525
2021-01-29;21;46;45
2021-01-29;22;27;27
2021-01-29;23;10;8
2021-01-30;0;8;8
2021-01-30;3;1;1
2021-01-30;5;2;2
2021-01-30;6;6;6
2021-01-30;7;35;31
2021-01-30;8;40;40
2021-01-30;9;25;25
2021-01-30;10;84;82
2021-01-30;11;85;85
2021-01-30;12;122;121
2021-01-30;13;219;215
2021-01-30;14;257;253
2021-01-30;15;218;206
2021-01-30;16;221;221
2021-01-30;17;107;106
2021-01-30;18;48;47
2021-01-30;19;15;14
2021-01-30;20;9;9
2021-01-30;21;11;11
2021-01-30;22;5;5
2021-01-30;23;8;8
2021-01-31;1;4;4
2021-01-31;6;2;2
2021-01-31;7;14;14
2021-01-31;8;10;10
2021-01-31;9;22;22
2021-01-31;10;65;65
2021-01-31;11;133;132
2021-01-31;12;209;206
2021-01-31;13;294;289
2021-01-31;14;354;349
2021-01-31;15;373;368
2021-01-31;16;343;338
2021-01-31;17;103;101
2021-01-31;18;54;51
2021-01-31;19;27;27
2021-01-31;20;20;20
2021-01-31;21;21;20
2021-01-31;22;20;20
2021-01-31;23;19;19
2021-02-01;0;8;8
2021-02-01;1;1;1
2021-02-01;3;1;1
2021-02-01;4;1;1
2021-02-01;5;2;2
2021-02-01;6;123;123
2021-02-01;7;1345;1333
2021-02-01;8;1504;1495
2021-02-01;9;1398;1388
2021-02-01;10;1263;1251
2021-02-01;11;1442;1427
2021-02-01;12;1936;1918
2021-02-01;13;1804;1786
2021-02-01;14;1631;1619
2021-02-01;15;1570;1558
2021-02-01;16;1482;1459
2021-02-01;17;1464;1442
2021-02-01;18;1877;1853
2021-02-01;19;1747;1726
2021-02-01;20;644;630
2021-02-01;21;45;45
2021-02-01;22;33;33
2021-02-01;23;22;22
2021-02-02;0;4;4
2021-02-02;4;2;2
2021-02-02;5;4;4
2021-02-02;6;95;95
2021-02-02;7;811;801
2021-02-02;8;1141;1133
2021-02-02;9;974;960
2021-02-02;10;977;964
2021-02-02;11;1198;1183
2021-02-02;12;1573;1554
2021-02-02;13;1428;1415
2021-02-02;14;1360;1344
2021-02-02;15;1393;1368
2021-02-02;16;1233;1223
2021-02-02;17;1272;1263
2021-02-02;18;1494;1474
2021-02-02;19;1375;1357
2021-02-02;20;506;504
2021-02-02;21;53;49
2021-02-02;22;20;19
2021-02-02;23;29;29
2021-02-03;0;7;7
2021-02-03;1;1;1
2021-02-03;2;1;1
2021-02-03;3;3;3
2021-02-03;5;1;1
2021-02-03;6;74;73
2021-02-03;7;813;799
2021-02-03;8;1059;1045
2021-02-03;9;997;988
2021-02-03;10;1001;993
2021-02-03;11;1130;1117
2021-02-03;12;1510;1498
2021-02-03;13;1380;1364
2021-02-03;14;1399;1388
2021-02-03;15;1207;1201
2021-02-03;16;1208;1192
2021-02-03;17;1140;1126
2021-02-03;18;1495;1481
2021-02-03;19;1357;1342
2021-02-03;20;494;488
2021-02-03;21;73;71
2021-02-03;22;33;30
2021-02-03;23;22;22
2021-02-04;0;6;6
2021-02-04;1;6;6
2021-02-04;3;3;3
2021-02-04;6;57;57
2021-02-04;7;709;705
2021-02-04;8;1016;1007
2021-02-04;9;900;888
2021-02-04;10;970;962
2021-02-04;11;1175;1162
2021-02-04;12;1466;1455
2021-02-04;13;1399;1386
2021-02-04;14;1332;1320
2021-02-04;15;1198;1190
2021-02-04;16;1181;1167
2021-02-04;17;1253;1243
2021-02-04;18;1481;1464
2021-02-04;19;1418;1404
2021-02-04;20;551;537
2021-02-04;21;57;56
2021-02-04;22;25;25
2021-02-04;23;16;16
2021-02-05;0;5;4
2021-02-05;5;1;1
2021-02-05;6;71;71
2021-02-05;7;756;751
2021-02-05;8;1031;1024
2021-02-05;9;1028;1017
2021-02-05;10;977;966
2021-02-05;11;1251;1236
2021-02-05;12;1399;1381
2021-02-05;13;1026;1013
2021-02-05;14;1615;1599
2021-02-05;15;1386;1368
2021-02-05;16;1385;1372
2021-02-05;17;1391;1371
2021-02-05;18;1673;1657
2021-02-05;19;1674;1662
2021-02-05;20;665;656
2021-02-05;21;67;66
2021-02-05;22;19;18
2021-02-05;23;9;8
2021-02-06;0;1;1
2021-02-06;3;1;1
2021-02-06;5;2;2
2021-02-06;6;10;10
2021-02-06;7;40;39
2021-02-06;8;35;34
2021-02-06;9;59;58
2021-02-06;10;100;98
2021-02-06;11;119;119
2021-02-06;12;161;159
2021-02-06;13;259;258
2021-02-06;14;306;300
2021-02-06;15;254;252
2021-02-06;16;313;310
2021-02-06;17;142;138
2021-02-06;18;64;61
2021-02-06;19;25;25
2021-02-06;20;10;10
2021-02-06;21;15;15
2021-02-06;22;13;12
2021-02-06;23;13;11
2021-02-07;1;1;1
2021-02-07;2;1;1
2021-02-07;3;1;1
2021-02-07;6;1;1
2021-02-07;7;19;15
2021-02-07;8;24;21
2021-02-07;9;36;36
2021-02-07;10;115;112
2021-02-07;11;154;151
2021-02-07;12;249;246
2021-02-07;13;300;296
2021-02-07;14;388;382
2021-02-07;15;363;357
2021-02-07;16;390;388
2021-02-07;17;116;114
2021-02-07;18;52;51
2021-02-07;19;35;32
2021-02-07;20;27;25
2021-02-07;21;20;20
2021-02-07;22;21;20
2021-02-07;23;25;24
2021-02-08;0;8;8
2021-02-08;1;1;1
2021-02-08;3;4;4
2021-02-08;4;2;2
2021-02-08;5;2;2
2021-02-08;6;143;143
2021-02-08;7;1491;1472
2021-02-08;8;1591;1582
2021-02-08;9;1443;1431
2021-02-08;10;1460;1446
2021-02-08;11;1536;1521
2021-02-08;12;1830;1810
2021-02-08;13;1833;1808
2021-02-08;14;1676;1655
2021-02-08;15;1519;1497
2021-02-08;16;1478;1455
2021-02-08;17;1397;1379
2021-02-08;18;1868;1842
2021-02-08;19;1811;1788
2021-02-08;20;623;616
2021-02-08;21;77;75
2021-02-08;22;30;28
2021-02-08;23;36;35
2021-02-09;0;3;3
2021-02-09;3;1;1
2021-02-09;4;2;1
2021-02-09;5;2;2
2021-02-09;6;92;91
2021-02-09;7;801;790
2021-02-09;8;1143;1131
2021-02-09;9;1056;1048
2021-02-09;10;1186;1171
2021-02-09;11;1294;1278
2021-02-09;12;1595;1570
2021-02-09;13;1611;1595
2021-02-09;14;1342;1334
2021-02-09;15;1252;1237
2021-02-09;16;1379;1369
2021-02-09;17;1307;1295
2021-02-09;18;1640;1620
2021-02-09;19;1496;1473
2021-02-09;20;598;587
2021-02-09;21;60;58
2021-02-09;22;25;24
2021-02-09;23;23;23
2021-02-10;0;1;1
2021-02-10;5;3;3
2021-02-10;6;55;55
2021-02-10;7;824;817
2021-02-10;8;1070;1062
2021-02-10;9;1014;1006
2021-02-10;10;1074;1058
2021-02-10;11;1199;1189
2021-02-10;12;1598;1583
2021-02-10;13;1440;1426
2021-02-10;14;1433;1415
2021-02-10;15;1278;1260
2021-02-10;16;1190;1180
2021-02-10;17;1213;1204
2021-02-10;18;1461;1441
2021-02-10;19;1437;1421
2021-02-10;20;547;541
2021-02-10;21;57;57
2021-02-10;22;29;27
2021-02-10;23;19;19
2021-02-11;0;2;2
2021-02-11;5;6;5
2021-02-11;6;82;82
2021-02-11;7;752;749
2021-02-11;8;1065;1059
2021-02-11;9;997;987
2021-02-11;10;1195;1184
2021-02-11;11;1198;1182
2021-02-11;12;1622;1602
2021-02-11;13;1526;1500
2021-02-11;14;1310;1300
2021-02-11;15;1269;1255
2021-02-11;16;1254;1236
2021-02-11;17;1182;1168
2021-02-11;18;1451;1439
2021-02-11;19;1429;1404
2021-02-11;20;519;515
2021-02-11;21;61;55
2021-02-11;22;31;31
2021-02-11;23;17;17
2021-02-12;0;2;2
2021-02-12;3;1;1
2021-02-12;4;1;1
2021-02-12;5;3;3
2021-02-12;6;70;70
2021-02-12;7;793;784
2021-02-12;8;1015;1001
2021-02-12;9;1016;1010
2021-02-12;10;1011;1007
2021-02-12;11;1219;1204
2021-02-12;12;1395;1375
2021-02-12;13;1090;1077
2021-02-12;14;1621;1607
2021-02-12;15;1453;1437
2021-02-12;16;1394;1385
2021-02-12;17;1349;1331
2021-02-12;18;1587;1573
2021-02-12;19;1589;1569
2021-02-12;20;653;649
2021-02-12;21;66;66
2021-02-12;22;19;19
2021-02-12;23;11;11
2021-02-13;0;2;1
2021-02-13;3;2;2
2021-02-13;5;1;1
2021-02-13;6;8;8
2021-02-13;7;67;67
2021-02-13;8;57;57
2021-02-13;9;56;54
2021-02-13;10;118;115
2021-02-13;11;111;110
2021-02-13;12;179;177
2021-02-13;13;320;318
2021-02-13;14;351;347
2021-02-13;15;302;299
2021-02-13;16;303;301
2021-02-13;17;135;132
2021-02-13;18;72;70
2021-02-13;19;27;24
2021-02-13;20;9;9
2021-02-13;21;12;12
2021-02-13;22;10;9
2021-02-13;23;7;7
2021-02-14;0;1;1
2021-02-14;3;1;1
2021-02-14;4;2;2
2021-02-14;6;5;5
2021-02-14;7;18;18
2021-02-14;8;28;26
2021-02-14;9;35;35
2021-02-14;10;90;90
2021-02-14;11;185;183
2021-02-14;12;203;202
2021-02-14;13;306;298
2021-02-14;14;361;353
2021-02-14;15;347;340
2021-02-14;16;356;347
2021-02-14;17;126;123
2021-02-14;18;53;52
2021-02-14;19;42;42
2021-02-14;20;32;30
2021-02-14;21;19;19
2021-02-14;22;33;33
2021-02-14;23;30;30
2021-02-15;0;7;7
2021-02-15;3;2;2
2021-02-15;4;1;1
2021-02-15;5;4;4
2021-02-15;6;142;139
2021-02-15;7;1417;1414
2021-02-15;8;1608;1584
2021-02-15;9;1445;1425
2021-02-15;10;1316;1303
2021-02-15;11;1555;1537
2021-02-15;12;1815;1793
2021-02-15;13;1782;1760
2021-02-15;14;1751;1729
2021-02-15;15;1523;1505
2021-02-15;16;1366;1347
2021-02-15;17;1358;1347
2021-02-15;18;1721;1707
2021-02-15;19;1622;1599
2021-02-15;20;540;537
2021-02-15;21;58;56
2021-02-15;22;33;33
2021-02-15;23;19;19
2021-02-16;0;3;3
2021-02-16;1;1;1
2021-02-16;3;2;2
2021-02-16;4;1;1
2021-02-16;5;2;2
2021-02-16;6;60;60
2021-02-16;7;855;849
2021-02-16;8;1168;1155
2021-02-16;9;971;969
2021-02-16;10;927;915
2021-02-16;11;1036;1019
2021-02-16;12;1259;1240
2021-02-16;13;1339;1328
2021-02-16;14;1205;1197
2021-02-16;15;1152;1140
2021-02-16;16;1077;1061
2021-02-16;17;1109;1091
2021-02-16;18;1408;1392
2021-02-16;19;1379;1358
2021-02-16;20;410;406
2021-02-16;21;44;44
2021-02-16;22;18;18
2021-02-16;23;27;27
2021-02-17;0;3;3
2021-02-17;4;2;2
2021-02-17;5;1;1
2021-02-17;6;67;66
2021-02-17;7;738;734
2021-02-17;8;1026;1018
2021-02-17;9;916;904
2021-02-17;10;703;695
2021-02-17;11;813;806
2021-02-17;12;948;942
2021-02-17;13;1081;1066
2021-02-17;14;1055;1042
2021-02-17;15;981;972
2021-02-17;16;973;960
2021-02-17;17;1063;1047
2021-02-17;18;1452;1432
2021-02-17;19;1391;1379
2021-02-17;20;466;462
2021-02-17;21;62;61
2021-02-17;22;27;27
2021-02-17;23;26;26
2021-02-18;0;4;4
2021-02-18;5;2;2
2021-02-18;6;80;80
2021-02-18;7;719;713
2021-02-18;8;932;926
2021-02-18;9;851;843
2021-02-18;10;795;790
2021-02-18;11;972;966
2021-02-18;12;1224;1211
2021-02-18;13;1242;1226
2021-02-18;14;1294;1286
2021-02-18;15;1270;1253
2021-02-18;16;1139;1122
2021-02-18;17;1188;1177
2021-02-18;18;1411;1399
2021-02-18;19;1329;1315
2021-02-18;20;431;422
2021-02-18;21;49;48
2021-02-18;22;24;23
2021-02-18;23;17;17
2021-02-19;0;3;3
2021-02-19;3;3;3
2021-02-19;4;1;1
2021-02-19;5;6;6
2021-02-19;6;72;72
2021-02-19;7;770;758
2021-02-19;8;967;958
2021-02-19;9;840;836
2021-02-19;10;909;905
2021-02-19;11;1051;1042
2021-02-19;12;1263;1251
2021-02-19;13;1054;1045
2021-02-19;14;1614;1596
2021-02-19;15;1426;1414
2021-02-19;16;1383;1368
2021-02-19;17;1231;1219
2021-02-19;18;1464;1443
2021-02-19;19;1568;1542
2021-02-19;20;524;516
2021-02-19;21;58;57
2021-02-19;22;16;16
2021-02-19;23;21;21
2021-02-20;3;2;2
2021-02-20;6;5;5
2021-02-20;7;51;50
2021-02-20;8;68;68
2021-02-20;9;84;82
2021-02-20;10;141;139
2021-02-20;11;157;155
2021-02-20;12;237;234
2021-02-20;13;357;355
2021-02-20;14;411;409
2021-02-20;15;306;302
2021-02-20;16;338;333
2021-02-20;17;184;183
2021-02-20;18;78;76
2021-02-20;19;27;27
2021-02-20;20;6;6
2021-02-20;21;16;16
2021-02-20;22;10;10
2021-02-20;23;12;12
2021-02-21;0;1;1
2021-02-21;3;1;1
2021-02-21;6;4;4
2021-02-21;7;25;24
2021-02-21;8;45;45
2021-02-21;9;40;40
2021-02-21;10;104;104
2021-02-21;11;179;179
2021-02-21;12;291;290
2021-02-21;13;410;403
2021-02-21;14;400;396
2021-02-21;15;424;423
2021-02-21;16;371;368
2021-02-21;17;150;146
2021-02-21;18;53;51
2021-02-21;19;31;31
2021-02-21;20;11;10
2021-02-21;21;13;12
2021-02-21;22;18;15
2021-02-21;23;31;21
2021-02-22;0;4;4
2021-02-22;6;122;119
2021-02-22;7;1375;1357
2021-02-22;8;1489;1471
2021-02-22;9;1336;1316
2021-02-22;10;1321;1304
2021-02-22;11;1575;1535
2021-02-22;12;1872;1845
2021-02-22;13;1833;1798
2021-02-22;14;1855;1821
2021-02-22;15;1616;1589
2021-02-22;16;1562;1523
2021-02-22;17;1418;1398
2021-02-22;18;1838;1792
2021-02-22;19;1791;1762
2021-02-22;20;648;622
2021-02-22;21;82;78
2021-02-22;22;56;41
2021-02-22;23;24;20
2021-02-23;0;4;4
2021-02-23;3;7;2
2021-02-23;5;1;1
2021-02-23;6;88;79
2021-02-23;7;857;835
2021-02-23;8;1121;1107
2021-02-23;9;1074;1045
2021-02-23;10;1161;1140
2021-02-23;11;1262;1241
2021-02-23;12;1522;1496
2021-02-23;13;1620;1584
2021-02-23;14;1561;1535
2021-02-23;15;1383;1363
2021-02-23;16;1403;1382
2021-02-23;17;1314;1287
2021-02-23;18;1579;1552
2021-02-23;19;1461;1442
2021-02-23;20;598;586
2021-02-23;21;74;61
2021-02-23;22;31;24
2021-02-23;23;33;23
2021-02-24;0;4;4
2021-02-24;3;7;5
2021-02-24;4;1;1
2021-02-24;5;2;1
2021-02-24;6;70;65
2021-02-24;7;914;892
2021-02-24;8;1129;1101
2021-02-24;9;1052;1037
2021-02-24;10;1052;1039
2021-02-24;11;1179;1169
2021-02-24;12;1452;1436
2021-02-24;13;1594;1572
2021-02-24;14;1444;1430
2021-02-24;15;1344;1325
2021-02-24;16;1335;1320
2021-02-24;17;1268;1250
2021-02-24;18;1470;1457
2021-02-24;19;1464;1444
2021-02-24;20;557;553
2021-02-24;21;64;64
2021-02-24;22;39;38
2021-02-24;23;20;20
2021-02-25;0;1;1
2021-02-25;5;2;2
2021-02-25;6;70;70
2021-02-25;7;786;784
2021-02-25;8;1058;1049
2021-02-25;9;939;931
2021-02-25;10;1049;1039
2021-02-25;11;1180;1161
2021-02-25;12;1464;1453
2021-02-25;13;1447;1431
2021-02-25;14;1444;1433
2021-02-25;15;1302;1285
2021-02-25;16;1265;1255
2021-02-25;17;1146;1137
2021-02-25;18;1391;1382
2021-02-25;19;1508;1491
2021-02-25;20;497;495
2021-02-25;21;65;61
2021-02-25;22;27;27
2021-02-25;23;19;19
2021-02-26;0;4;4
2021-02-26;1;1;1
2021-02-26;3;2;2
2021-02-26;5;1;1
2021-02-26;6;93;92
2021-02-26;7;807;800
2021-02-26;8;1044;1034
2021-02-26;9;1045;1032
2021-02-26;10;1064;1057
2021-02-26;11;1278;1262
2021-02-26;12;1390;1376
2021-02-26;13;1336;1318
2021-02-26;14;1802;1779
2021-02-26;15;1630;1609
2021-02-26;16;1620;1599
2021-02-26;17;1515;1497
2021-02-26;18;1601;1585
2021-02-26;19;1656;1636
2021-02-26;20;645;641
2021-02-26;21;63;63
2021-02-26;22;26;25
2021-02-26;23;22;22
2021-02-27;5;1;1
2021-02-27;6;20;19
2021-02-27;7;55;54
2021-02-27;8;96;95
2021-02-27;9;84;84
2021-02-27;10;151;150
2021-02-27;11;158;156
2021-02-27;12;272;268
2021-02-27;13;494;492
2021-02-27;14;400;398
2021-02-27;15;369;364
2021-02-27;16;419;416
2021-02-27;17;214;212
2021-02-27;18;73;67
2021-02-27;19;49;47
2021-02-27;20;14;14
2021-02-27;21;19;19
2021-02-27;22;21;21
2021-02-27;23;13;13
2021-02-28;0;7;7
2021-02-28;5;2;2
2021-02-28;6;7;7
2021-02-28;7;29;28
2021-02-28;8;72;69
2021-02-28;9;48;46
2021-02-28;10;115;114
2021-02-28;11;178;174
2021-02-28;12;320;318
2021-02-28;13;386;381
2021-02-28;14;438;431
2021-02-28;15;455;448
2021-02-28;16;420;416
2021-02-28;17;118;117
2021-02-28;18;60;57
2021-02-28;19;44;44
2021-02-28;20;33;32
2021-02-28;21;34;34
2021-02-28;22;25;24
2021-02-28;23;32;32
2021-03-01;0;16;16
2021-03-01;3;3;3
2021-03-01;4;1;1
2021-03-01;5;6;6
2021-03-01;6;120;119
2021-03-01;7;1548;1537
2021-03-01;8;1501;1494
2021-03-01;9;1396;1379
2021-03-01;10;1362;1346
2021-03-01;11;1492;1482
2021-03-01;12;1824;1811
2021-03-01;13;1874;1845
2021-03-01;14;1786;1764
2021-03-01;15;1686;1670
2021-03-01;16;1532;1518
2021-03-01;17;1508;1495
2021-03-01;18;1781;1761
2021-03-01;19;1888;1870
2021-03-01;20;733;727
2021-03-01;21;81;79
2021-03-01;22;36;36
2021-03-01;23;35;35
2021-03-02;0;8;8
2021-03-02;3;1;1
2021-03-02;4;1;1
2021-03-02;6;81;81
2021-03-02;7;1086;1084
2021-03-02;8;1423;1411
2021-03-02;9;1100;1089
2021-03-02;10;1158;1149
2021-03-02;11;1276;1264
2021-03-02;12;1557;1547
2021-03-02;13;1575;1552
2021-03-02;14;1531;1513
2021-03-02;15;1411;1390
2021-03-02;16;1349;1341
2021-03-02;17;1406;1393
2021-03-02;18;1576;1564
2021-03-02;19;1573;1562
2021-03-02;20;567;565
2021-03-02;21;64;55
2021-03-02;22;32;31
2021-03-02;23;24;24
2021-03-03;0;5;5
2021-03-03;3;1;1
2021-03-03;6;85;84
2021-03-03;7;989;982
2021-03-03;8;1256;1244
2021-03-03;9;918;907
2021-03-03;10;961;951
2021-03-03;11;1025;1013
2021-03-03;12;1281;1265
2021-03-03;13;1396;1379
2021-03-03;14;1348;1335
2021-03-03;15;1274;1258
2021-03-03;16;1211;1199
2021-03-03;17;1246;1230
2021-03-03;18;1490;1470
2021-03-03;19;1560;1545
2021-03-03;20;548;546
2021-03-03;21;82;80
2021-03-03;22;31;30
2021-03-03;23;23;23
2021-03-04;0;3;3
2021-03-04;3;2;2
2021-03-04;4;2;2
2021-03-04;5;3;3
2021-03-04;6;91;89
2021-03-04;7;975;965
2021-03-04;8;1295;1283
2021-03-04;9;935;928
2021-03-04;10;998;988
2021-03-04;11;1170;1152
2021-03-04;12;1307;1297
2021-03-04;13;1485;1474
2021-03-04;14;1408;1389
2021-03-04;15;1326;1308
2021-03-04;16;1245;1230
2021-03-04;17;1173;1165
2021-03-04;18;1542;1537
2021-03-04;19;1506;1490
2021-03-04;20;577;564
2021-03-04;21;75;74
2021-03-04;22;45;44
2021-03-04;23;20;19
2021-03-05;0;1;1
2021-03-05;1;1;1
2021-03-05;5;1;1
2021-03-05;6;73;73
2021-03-05;7;990;983
2021-03-05;8;1202;1195
2021-03-05;9;1054;1046
2021-03-05;10;1099;1084
2021-03-05;11;1214;1203
2021-03-05;12;1536;1521
2021-03-05;13;1186;1172
2021-03-05;14;1658;1639
2021-03-05;15;1566;1541
2021-03-05;16;1409;1391
2021-03-05;17;1429;1420
2021-03-05;18;1220;1213
2021-03-05;19;1500;1492
2021-03-05;20;717;712
2021-03-05;21;85;80
2021-03-05;22;38;37
2021-03-05;23;17;17
2021-03-06;0;2;2
2021-03-06;4;2;2
2021-03-06;6;41;39
2021-03-06;7;600;597
2021-03-06;8;761;755
2021-03-06;9;684;676
2021-03-06;10;702;691
2021-03-06;11;930;920
2021-03-06;12;1304;1288
2021-03-06;13;1505;1489
2021-03-06;14;1537;1516
2021-03-06;15;1364;1347
2021-03-06;16;1296;1282
2021-03-06;17;1304;1285
2021-03-06;18;938;926
2021-03-06;19;889;875
2021-03-06;20;445;440
2021-03-06;21;48;48
2021-03-06;22;17;17
2021-03-06;23;16;15
2021-03-07;0;2;2
2021-03-07;5;2;2
2021-03-07;6;5;5
2021-03-07;7;19;19
2021-03-07;8;38;38
2021-03-07;9;62;62
2021-03-07;10;137;136
2021-03-07;11;249;244
2021-03-07;12;413;407
2021-03-07;13;514;508
2021-03-07;14;698;686
2021-03-07;15;702;694
2021-03-07;16;587;580
2021-03-07;17;239;239
2021-03-07;18;90;87
2021-03-07;19;69;69
2021-03-07;20;62;62
2021-03-07;21;63;63
2021-03-07;22;83;83
2021-03-07;23;61;61
2021-03-08;0;22;21
2021-03-08;1;1;1
2021-03-08;3;1;1
2021-03-08;5;3;3
2021-03-08;6;159;157
2021-03-08;7;2092;2072
2021-03-08;8;2875;2845
2021-03-08;9;2208;2180
2021-03-08;10;2033;2012
2021-03-08;11;2232;2216
2021-03-08;12;2775;2750
2021-03-08;13;2376;2358
2021-03-08;14;2060;2039
2021-03-08;15;1902;1888
2021-03-08;16;1762;1744
2021-03-08;17;1674;1654
2021-03-08;18;1619;1605
2021-03-08;19;1741;1718
2021-03-08;20;782;774
2021-03-08;21;90;88
2021-03-08;22;57;53
2021-03-08;23;37;37
2021-03-09;0;11;11
2021-03-09;3;2;2
2021-03-09;5;4;4
2021-03-09;6;103;103
2021-03-09;7;1320;1303
2021-03-09;8;1905;1887
2021-03-09;9;1569;1556
2021-03-09;10;1593;1573
2021-03-09;11;1880;1861
2021-03-09;12;2075;2053
2021-03-09;13;1946;1928
2021-03-09;14;1722;1713
2021-03-09;15;1669;1652
2021-03-09;16;1449;1432
2021-03-09;17;1439;1426
2021-03-09;18;1289;1278
2021-03-09;19;1365;1359
2021-03-09;20;744;731
2021-03-09;21;68;68
2021-03-09;22;47;46
2021-03-09;23;34;34
2021-03-10;0;3;3
2021-03-10;4;2;2
2021-03-10;5;4;4
2021-03-10;6;82;81
2021-03-10;7;1200;1189
2021-03-10;8;1747;1731
2021-03-10;9;1433;1417
2021-03-10;10;1490;1473
2021-03-10;11;1634;1616
2021-03-10;12;1935;1919
2021-03-10;13;1796;1776
2021-03-10;14;1678;1662
2021-03-10;15;1518;1510
2021-03-10;16;1405;1391
2021-03-10;17;1522;1505
2021-03-10;18;1315;1311
2021-03-10;19;1370;1353
2021-03-10;20;694;683
2021-03-10;21;82;81
2021-03-10;22;47;47
2021-03-10;23;40;40
2021-03-11;0;1;1
2021-03-11;4;1;1
2021-03-11;5;1;1
2021-03-11;6;101;101
2021-03-11;7;1200;1186
2021-03-11;8;1715;1700
2021-03-11;9;1452;1442
2021-03-11;10;1467;1453
2021-03-11;11;1640;1625
2021-03-11;12;1919;1898
2021-03-11;13;1783;1763
2021-03-11;14;1549;1534
2021-03-11;15;1566;1543
2021-03-11;16;1559;1547
2021-03-11;17;1227;1211
2021-03-11;18;1022;1013
2021-03-11;19;1141;1124
2021-03-11;20;511;503
2021-03-11;21;70;68
2021-03-11;22;49;49
2021-03-11;23;27;27
2021-03-12;0;1;1
2021-03-12;5;2;2
2021-03-12;6;108;108
2021-03-12;7;1138;1125
2021-03-12;8;1675;1667
2021-03-12;9;1422;1415
2021-03-12;10;1458;1437
2021-03-12;11;1490;1477
2021-03-12;12;1830;1808
2021-03-12;13;1420;1400
2021-03-12;14;1747;1718
2021-03-12;15;1655;1629
2021-03-12;16;1372;1353
2021-03-12;17;1412;1404
2021-03-12;18;1233;1216
2021-03-12;19;1337;1328
2021-03-12;20;714;702
2021-03-12;21;71;68
2021-03-12;22;27;27
2021-03-12;23;17;17
2021-03-13;5;1;1
2021-03-13;6;53;53
2021-03-13;7;667;657
2021-03-13;8;841;835
2021-03-13;9;761;751
2021-03-13;10;851;842
2021-03-13;11;1093;1080
2021-03-13;12;1490;1481
2021-03-13;13;1638;1623
2021-03-13;14;1437;1424
2021-03-13;15;1342;1325
2021-03-13;16;1284;1263
2021-03-13;17;1359;1341
2021-03-13;18;1025;1020
2021-03-13;19;1049;1037
2021-03-13;20;568;558
2021-03-13;21;66;65
2021-03-13;22;23;23
2021-03-13;23;11;11
2021-03-14;3;2;2
2021-03-14;6;2;2
2021-03-14;7;25;25
2021-03-14;8;31;31
2021-03-14;9;65;62
2021-03-14;10;117;116
2021-03-14;11;208;206
2021-03-14;12;285;282
2021-03-14;13;398;397
2021-03-14;14;417;413
2021-03-14;15;451;445
2021-03-14;16;481;479
2021-03-14;17;171;169
2021-03-14;18;80;77
2021-03-14;19;43;42
2021-03-14;20;31;31
2021-03-14;21;30;30
2021-03-14;22;32;32
2021-03-14;23;39;39
2021-03-15;0;10;10
2021-03-15;4;2;2
2021-03-15;5;1;1
2021-03-15;6;147;147
2021-03-15;7;1908;1890
2021-03-15;8;2348;2326
2021-03-15;9;1919;1894
2021-03-15;10;1675;1664
2021-03-15;11;1836;1813
2021-03-15;12;2135;2109
2021-03-15;13;2001;1972
2021-03-15;14;1799;1786
2021-03-15;15;1724;1701
2021-03-15;16;1611;1592
2021-03-15;17;1525;1511
2021-03-15;18;1414;1398
2021-03-15;19;1592;1570
2021-03-15;20;715;704
2021-03-15;21;82;81
2021-03-15;22;38;38
2021-03-15;23;38;38
2021-03-16;0;6;6
2021-03-16;3;3;3
2021-03-16;5;2;2
2021-03-16;6;79;79
2021-03-16;7;1250;1238
2021-03-16;8;1756;1743
2021-03-16;9;1382;1371
2021-03-16;10;1320;1308
2021-03-16;11;1467;1451
2021-03-16;12;1730;1718
2021-03-16;13;1652;1639
2021-03-16;14;1559;1543
2021-03-16;15;1432;1406
2021-03-16;16;1323;1305
2021-03-16;17;1260;1246
2021-03-16;18;1206;1194
2021-03-16;19;1331;1325
2021-03-16;20;651;641
2021-03-16;21;72;70
2021-03-16;22;50;50
2021-03-16;23;25;24
2021-03-17;0;3;3
2021-03-17;4;3;3
2021-03-17;5;1;1
2021-03-17;6;107;106
2021-03-17;7;1133;1124
2021-03-17;8;1535;1525
2021-03-17;9;1235;1225
2021-03-17;10;1049;1036
2021-03-17;11;1065;1055
2021-03-17;12;1342;1327
2021-03-17;13;1309;1293
2021-03-17;14;1465;1457
2021-03-17;15;1350;1328
2021-03-17;16;1368;1349
2021-03-17;17;1226;1211
2021-03-17;18;1180;1170
2021-03-17;19;1367;1352
2021-03-17;20;700;690
2021-03-17;21;97;95
2021-03-17;22;44;44
2021-03-17;23;30;30
2021-03-18;0;2;2
2021-03-18;3;2;2
2021-03-18;4;1;1
2021-03-18;5;2;2
2021-03-18;6;110;108
2021-03-18;7;1137;1122
2021-03-18;8;1502;1490
2021-03-18;9;1202;1193
2021-03-18;10;1181;1170
2021-03-18;11;1212;1200
2021-03-18;12;1602;1588
2021-03-18;13;1676;1651
2021-03-18;14;1534;1516
2021-03-18;15;1356;1344
2021-03-18;16;1253;1237
2021-03-18;17;1268;1263
2021-03-18;18;1191;1178
2021-03-18;19;1294;1280
2021-03-18;20;632;626
2021-03-18;21;92;91
2021-03-18;22;34;33
2021-03-18;23;22;22
2021-03-19;0;3;3
2021-03-19;5;2;2
2021-03-19;6;87;86
2021-03-19;7;1079;1067
2021-03-19;8;1407;1397
2021-03-19;9;1132;1125
2021-03-19;10;1160;1149
2021-03-19;11;1375;1362
2021-03-19;12;1612;1595
2021-03-19;13;1296;1281
2021-03-19;14;1630;1611
2021-03-19;15;1474;1455
2021-03-19;16;1462;1441
2021-03-19;17;1324;1312
2021-03-19;18;1178;1164
2021-03-19;19;1292;1278
2021-03-19;20;732;725
2021-03-19;21;77;77
2021-03-19;22;41;41
2021-03-19;23;24;24
2021-03-20;0;3;3
2021-03-20;3;3;3
2021-03-20;5;2;2
2021-03-20;6;44;44
2021-03-20;7;674;669
2021-03-20;8;869;862
2021-03-20;9;776;768
2021-03-20;10;810;804
2021-03-20;11;1018;1008
2021-03-20;12;1430;1415
2021-03-20;13;1609;1591
2021-03-20;14;1486;1474
2021-03-20;15;1285;1267
2021-03-20;16;1291;1281
2021-03-20;17;1334;1317
2021-03-20;18;1019;1010
2021-03-20;19;1067;1054
2021-03-20;20;589;585
2021-03-20;21;89;89
2021-03-20;22;21;20
2021-03-20;23;17;17
2021-03-21;1;2;2
2021-03-21;6;4;4
2021-03-21;7;19;19
2021-03-21;8;42;42
2021-03-21;9;66;65
2021-03-21;10;104;100
2021-03-21;11;146;144
2021-03-21;12;258;257
2021-03-21;13;326;319
2021-03-21;14;371;366
2021-03-21;15;368;365
2021-03-21;16;420;417
2021-03-21;17;224;222
2021-03-21;18;83;83
2021-03-21;19;51;51
2021-03-21;20;21;21
2021-03-21;21;23;23
2021-03-21;22;31;31
2021-03-21;23;31;31
2021-03-22;0;4;4
2021-03-22;1;1;1
2021-03-22;3;1;1
2021-03-22;4;2;2
2021-03-22;5;3;3
2021-03-22;6;177;176
2021-03-22;7;1879;1865
2021-03-22;8;2062;2048
2021-03-22;9;1451;1432
2021-03-22;10;1376;1364
2021-03-22;11;1487;1475
2021-03-22;12;1946;1933
2021-03-22;13;1836;1816
2021-03-22;14;1781;1758
2021-03-22;15;1673;1655
2021-03-22;16;1449;1437
2021-03-22;17;1392;1380
2021-03-22;18;1493;1473
2021-03-22;19;1602;1582
2021-03-22;20;795;786
2021-03-22;21;86;84
2021-03-22;22;43;42
2021-03-22;23;32;32
2021-03-23;0;2;2
2021-03-23;3;4;4
2021-03-23;5;2;2
2021-03-23;6;119;119
2021-03-23;7;1183;1173
2021-03-23;8;1458;1444
2021-03-23;9;1106;1090
2021-03-23;10;1031;1016
2021-03-23;11;1145;1136
2021-03-23;12;1440;1425
2021-03-23;13;1416;1398
2021-03-23;14;1389;1376
2021-03-23;15;1294;1280
2021-03-23;16;1028;1019
2021-03-23;17;1111;1104
2021-03-23;18;1076;1067
2021-03-23;19;1183;1172
2021-03-23;20;484;474
2021-03-23;21;70;68
2021-03-23;22;45;45
2021-03-23;23;24;24
2021-03-24;0;5;5
2021-03-24;4;1;1
2021-03-24;5;1;1
2021-03-24;6;94;93
2021-03-24;7;1183;1173
2021-03-24;8;1351;1337
2021-03-24;9;982;975
2021-03-24;10;895;888
2021-03-24;11;1092;1082
2021-03-24;12;1342;1332
2021-03-24;13;1310;1301
2021-03-24;14;1269;1258
2021-03-24;15;1205;1195
2021-03-24;16;1264;1254
2021-03-24;17;1182;1174
2021-03-24;18;1103;1092
2021-03-24;19;1139;1123
2021-03-24;20;527;523
2021-03-24;21;60;60
2021-03-24;22;43;40
2021-03-24;23;24;24
2021-03-25;0;4;4
2021-03-25;3;1;1
2021-03-25;4;1;1
2021-03-25;5;3;3
2021-03-25;6;89;89
2021-03-25;7;1068;1059
2021-03-25;8;1339;1335
2021-03-25;9;1014;1009
2021-03-25;10;931;930
2021-03-25;11;1059;1047
2021-03-25;12;1343;1333
2021-03-25;13;1318;1311
2021-03-25;14;1230;1214
2021-03-25;15;1121;1107
2021-03-25;16;1146;1139
2021-03-25;17;1087;1080
2021-03-25;18;1204;1192
2021-03-25;19;1241;1234
2021-03-25;20;616;602
2021-03-25;21;59;58
2021-03-25;22;35;33
2021-03-25;23;29;28
2021-03-26;0;1;1
2021-03-26;3;1;1
2021-03-26;4;1;1
2021-03-26;5;2;2
2021-03-26;6;98;98
2021-03-26;7;914;908
2021-03-26;8;1197;1189
2021-03-26;9;1011;1002
2021-03-26;10;924;909
2021-03-26;11;1071;1053
2021-03-26;12;1294;1275
2021-03-26;13;1203;1188
2021-03-26;14;1506;1490
2021-03-26;15;1200;1182
2021-03-26;16;1340;1331
2021-03-26;17;1215;1200
2021-03-26;18;1057;1049
2021-03-26;19;1218;1209
2021-03-26;20;664;655
2021-03-26;21;72;72
2021-03-26;22;26;26
2021-03-26;23;17;17
2021-03-27;0;3;3
2021-03-27;1;1;1
2021-03-27;3;1;1
2021-03-27;4;2;2
2021-03-27;6;64;64
2021-03-27;7;674;669
2021-03-27;8;925;915
2021-03-27;9;752;745
2021-03-27;10;746;740
2021-03-27;11;856;849
2021-03-27;12;1194;1181
2021-03-27;13;1372;1353
2021-03-27;14;1266;1252
2021-03-27;15;1305;1287
2021-03-27;16;1227;1215
2021-03-27;17;1188;1177
2021-03-27;18;911;899
2021-03-27;19;880;874
2021-03-27;20;506;499
2021-03-27;21;49;48
2021-03-27;22;19;19
2021-03-27;23;21;18
2021-03-28;0;4;2
2021-03-28;3;1;1
2021-03-28;4;1;1
2021-03-28;5;1;1
2021-03-28;6;3;3
2021-03-28;7;35;32
2021-03-28;8;51;51
2021-03-28;9;53;53
2021-03-28;10;123;122
2021-03-28;11;201;198
2021-03-28;12;267;262
2021-03-28;13;395;390
2021-03-28;14;403;395
2021-03-28;15;422;412
2021-03-28;16;405;403
2021-03-28;17;179;178
2021-03-28;18;67;67
2021-03-28;19;35;35
2021-03-28;20;35;35
2021-03-28;21;17;17
2021-03-28;22;28;28
2021-03-28;23;41;41
2021-03-29;0;2;2
2021-03-29;1;1;1
2021-03-29;4;1;1
2021-03-29;5;3;3
2021-03-29;6;198;195
2021-03-29;7;1879;1855
2021-03-29;8;2091;2069
2021-03-29;9;1459;1449
2021-03-29;10;1304;1293
2021-03-29;11;1496;1486
2021-03-29;12;1900;1876
2021-03-29;13;1905;1887
2021-03-29;14;1638;1620
2021-03-29;15;1564;1547
2021-03-29;16;1527;1509
2021-03-29;17;1544;1518
2021-03-29;18;1404;1395
2021-03-29;19;1610;1600
2021-03-29;20;814;804
2021-03-29;21;105;103
2021-03-29;22;41;39
2021-03-29;23;25;24
2021-03-30;0;2;2
2021-03-30;3;2;2
2021-03-30;4;1;1
2021-03-30;5;3;3
2021-03-30;6;102;102
2021-03-30;7;1201;1195
2021-03-30;8;1538;1527
2021-03-30;9;1101;1091
2021-03-30;10;1050;1037
2021-03-30;11;1156;1152
2021-03-30;12;1486;1473
2021-03-30;13;1487;1468
2021-03-30;14;1369;1355
2021-03-30;15;1288;1275
2021-03-30;16;1225;1209
2021-03-30;17;1253;1233
2021-03-30;18;1175;1162
2021-03-30;19;1390;1378
2021-03-30;20;566;558
2021-03-30;21;62;62
2021-03-30;22;43;42
2021-03-30;23;26;24
2021-03-31;0;2;2
2021-03-31;3;4;4
2021-03-31;4;1;1
2021-03-31;5;2;2
2021-03-31;6;113;113
2021-03-31;7;1143;1126
2021-03-31;8;1350;1340
2021-03-31;9;1084;1075
2021-03-31;10;999;990
2021-03-31;11;1201;1187
2021-03-31;12;1440;1428
2021-03-31;13;1426;1413
2021-03-31;14;1339;1328
2021-03-31;15;1274;1261
2021-03-31;16;1217;1204
2021-03-31;17;1248;1239
2021-03-31;18;1237;1222
2021-03-31;19;1356;1340
2021-03-31;20;603;598
2021-03-31;21;86;84
2021-03-31;22;34;33
2021-03-31;23;29;29
2021-04-01;0;4;4
2021-04-01;3;2;2
2021-04-01;4;1;1
2021-04-01;5;3;3
2021-04-01;6;109;107
2021-04-01;7;1157;1148
2021-04-01;8;1424;1417
2021-04-01;9;1104;1094
2021-04-01;10;1072;1062
2021-04-01;11;1282;1267
2021-04-01;12;1496;1477
2021-04-01;13;1448;1434
2021-04-01;14;1417;1396
2021-04-01;15;1373;1363
2021-04-01;16;1359;1342
2021-04-01;17;1398;1379
2021-04-01;18;1576;1567
2021-04-01;19;1602;1585
2021-04-01;20;726;719
2021-04-01;21;69;68
2021-04-01;22;39;38
2021-04-01;23;24;23
2021-04-02;0;3;3
2021-04-02;3;1;1
2021-04-02;5;3;3
2021-04-02;6;110;109
2021-04-02;7;1105;1092
2021-04-02;8;1397;1384
2021-04-02;9;1121;1111
2021-04-02;10;1148;1131
2021-04-02;11;1163;1149
2021-04-02;12;1491;1475
2021-04-02;13;1307;1296
2021-04-02;14;1728;1715
2021-04-02;15;1631;1612
2021-04-02;16;1467;1459
2021-04-02;17;1462;1448
2021-04-02;18;1605;1590
2021-04-02;19;1814;1795
2021-04-02;20;901;893
2021-04-02;21;85;83
2021-04-02;22;31;30
2021-04-02;23;23;22
2021-04-03;0;4;4
2021-04-03;5;1;1
2021-04-03;6;16;16
2021-04-03;7;83;80
2021-04-03;8;110;107
2021-04-03;9;134;133
2021-04-03;10;185;184
2021-04-03;11;209;206
2021-04-03;12;297;295
2021-04-03;13;437;431
2021-04-03;14;454;446
2021-04-03;15;369;362
2021-04-03;16;392;392
2021-04-03;17;219;217
2021-04-03;18;62;62
2021-04-03;19;24;23
2021-04-03;20;17;17
2021-04-03;21;18;18
2021-04-03;22;12;12
2021-04-03;23;11;11
2021-04-04;0;1;1
2021-04-04;6;7;7
2021-04-04;7;43;43
2021-04-04;8;76;76
2021-04-04;9;84;80
2021-04-04;10;155;152
2021-04-04;11;191;185
2021-04-04;12;372;367
2021-04-04;13;439;429
2021-04-04;14;448;445
2021-04-04;15;449;445
2021-04-04;16;391;385
2021-04-04;17;141;140
2021-04-04;18;64;64
2021-04-04;19;33;33
2021-04-04;20;25;25
2021-04-04;21;35;34
2021-04-04;22;35;34
2021-04-04;23;40;40
2021-04-05;0;6;6
2021-04-05;1;1;1
2021-04-05;3;3;3
2021-04-05;5;7;7
2021-04-05;6;187;186
2021-04-05;7;1937;1920
2021-04-05;8;2178;2164
2021-04-05;9;1639;1624
2021-04-05;10;1483;1463
2021-04-05;11;1626;1612
2021-04-05;12;1950;1919
2021-04-05;13;1941;1917
2021-04-05;14;1912;1893
2021-04-05;15;1644;1621
2021-04-05;16;1682;1671
2021-04-05;17;1693;1674
2021-04-05;18;1916;1904
2021-04-05;19;2029;2003
2021-04-05;20;1110;1099
2021-04-05;21;107;105
2021-04-05;22;37;34
2021-04-05;23;32;30
2021-04-06;0;3;3
2021-04-06;1;1;1
2021-04-06;3;1;1
2021-04-06;4;1;1
2021-04-06;5;2;2
2021-04-06;6;134;134
2021-04-06;7;1271;1257
2021-04-06;8;1559;1546
2021-04-06;9;1292;1280
2021-04-06;10;1225;1214
2021-04-06;11;1441;1428
2021-04-06;12;1691;1671
2021-04-06;13;1655;1638
2021-04-06;14;1537;1521
2021-04-06;15;1491;1477
2021-04-06;16;1317;1297
2021-04-06;17;1404;1380
2021-04-06;18;1620;1602
2021-04-06;19;1734;1708
2021-04-06;20;1033;1013
2021-04-06;21;123;116
2021-04-06;22;39;38
2021-04-06;23;29;29
2021-04-07;0;2;2
2021-04-07;5;1;1
2021-04-07;6;139;138
2021-04-07;7;1278;1256
2021-04-07;8;1506;1494
2021-04-07;9;1252;1236
2021-04-07;10;1237;1223
2021-04-07;11;1409;1389
2021-04-07;12;1705;1689
2021-04-07;13;1532;1515
2021-04-07;14;1502;1481
2021-04-07;15;1366;1355
2021-04-07;16;1297;1286
2021-04-07;17;1348;1323
2021-04-07;18;1539;1521
2021-04-07;19;1735;1716
2021-04-07;20;1040;1035
2021-04-07;21;113;110
2021-04-07;22;48;46
2021-04-07;23;46;45
2021-04-08;0;7;6
2021-04-08;3;1;1
2021-04-08;5;7;7
2021-04-08;6;121;121
2021-04-08;7;1184;1171
2021-04-08;8;1468;1454
2021-04-08;9;1206;1191
2021-04-08;10;1187;1176
2021-04-08;11;1344;1331
2021-04-08;12;1761;1743
2021-04-08;13;1538;1521
2021-04-08;14;1564;1550
2021-04-08;15;1485;1471
2021-04-08;16;1288;1272
2021-04-08;17;1332;1320
2021-04-08;18;1531;1517
2021-04-08;19;1621;1596
2021-04-08;20;993;980
2021-04-08;21;107;103
2021-04-08;22;42;41
2021-04-08;23;30;30
2021-04-09;3;2;1
2021-04-09;4;1;1
2021-04-09;5;5;5
2021-04-09;6;106;106
2021-04-09;7;1062;1051
2021-04-09;8;1369;1349
2021-04-09;9;1169;1152
2021-04-09;10;1146;1137
2021-04-09;11;1135;1118
2021-04-09;12;1486;1471
2021-04-09;13;1446;1433
2021-04-09;14;1715;1689
2021-04-09;15;1556;1540
2021-04-09;16;1503;1482
2021-04-09;17;1437;1416
2021-04-09;18;1596;1580
2021-04-09;19;1625;1610
2021-04-09;20;829;813
2021-04-09;21;65;65
2021-04-09;22;29;29
2021-04-09;23;14;14
2021-04-10;0;1;1
2021-04-10;3;1;1
2021-04-10;4;1;1
2021-04-10;5;1;1
2021-04-10;6;22;22
2021-04-10;7;70;70
2021-04-10;8;114;111
2021-04-10;9;146;142
2021-04-10;10;173;172
2021-04-10;11;169;168
2021-04-10;12;295;292
2021-04-10;13;433;428
2021-04-10;14;400;394
2021-04-10;15;379;367
2021-04-10;16;384;381
2021-04-10;17;242;241
2021-04-10;18;76;75
2021-04-10;19;56;53
2021-04-10;20;20;20
2021-04-10;21;15;15
2021-04-10;22;25;24
2021-04-10;23;10;10
2021-04-11;0;1;1
2021-04-11;5;1;1
2021-04-11;6;6;6
2021-04-11;7;34;33
2021-04-11;8;78;75
2021-04-11;9;82;79
2021-04-11;10;142;139
2021-04-11;11;196;193
2021-04-11;12;320;320
2021-04-11;13;408;403
2021-04-11;14;423;420
2021-04-11;15;395;388
2021-04-11;16;369;362
2021-04-11;17;170;165
2021-04-11;18;48;48
2021-04-11;19;27;27
2021-04-11;20;23;23
2021-04-11;21;20;20
2021-04-11;22;33;33
2021-04-11;23;33;33
2021-04-12;0;1;1
2021-04-12;3;1;1
2021-04-12;5;2;2
2021-04-12;6;155;155
2021-04-12;7;1840;1816
2021-04-12;8;2006;1984
2021-04-12;9;1524;1514
2021-04-12;10;1512;1503
2021-04-12;11;1758;1747
2021-04-12;12;2121;2106
2021-04-12;13;2099;2081
2021-04-12;14;1697;1682
2021-04-12;15;1827;1808
2021-04-12;16;1615;1604
2021-04-12;17;1729;1714
2021-04-12;18;1870;1852
2021-04-12;19;1944;1923
2021-04-12;20;996;988
2021-04-12;21;117;114
2021-04-12;22;36;36
2021-04-12;23;20;19
2021-04-13;0;1;1
2021-04-13;3;2;2
2021-04-13;4;15;14
2021-04-13;5;6;6
2021-04-13;6;64;63
2021-04-13;7;841;833
2021-04-13;8;1022;1015
2021-04-13;9;890;885
2021-04-13;10;895;887
2021-04-13;11;952;937
2021-04-13;12;1160;1151
2021-04-13;13;1155;1143
2021-04-13;14;1323;1310
2021-04-13;15;1260;1247
2021-04-13;16;1133;1116
2021-04-13;17;1296;1285
2021-04-13;18;1538;1521
2021-04-13;19;425;416
2021-04-13;20;227;219
2021-04-13;21;32;31
2021-04-13;22;24;24
2021-04-13;23;15;14
2021-04-14;0;1;1
2021-04-14;2;1;1
2021-04-14;3;6;5
2021-04-14;4;14;14
2021-04-14;5;7;7
2021-04-14;6;76;74
2021-04-14;7;734;722
2021-04-14;8;908;900
2021-04-14;9;783;777
2021-04-14;10;727;723
2021-04-14;11;882;871
2021-04-14;12;1025;1012
2021-04-14;13;1102;1088
2021-04-14;14;1135;1116
2021-04-14;15;1081;1074
2021-04-14;16;1097;1090
2021-04-14;17;1400;1385
2021-04-14;18;1401;1385
2021-04-14;19;114;111
2021-04-14;20;38;37
2021-04-14;21;37;37
2021-04-14;22;25;25
2021-04-14;23;22;22
2021-04-15;0;1;1
2021-04-15;3;6;6
2021-04-15;4;9;9
2021-04-15;5;4;4
2021-04-15;6;50;50
2021-04-15;7;681;676
2021-04-15;8;835;826
2021-04-15;9;743;737
2021-04-15;10;788;782
2021-04-15;11;843;836
2021-04-15;12;1036;1023
2021-04-15;13;1167;1154
2021-04-15;14;1140;1130
2021-04-15;15;1073;1067
2021-04-15;16;1082;1067
2021-04-15;17;1398;1385
2021-04-15;18;1422;1414
2021-04-15;19;112;110
2021-04-15;20;26;25
2021-04-15;21;28;26
2021-04-15;22;16;16
2021-04-15;23;9;9
2021-04-16;2;1;1
2021-04-16;3;4;4
2021-04-16;4;3;3
2021-04-16;5;2;2
2021-04-16;6;55;55
2021-04-16;7;703;696
2021-04-16;8;825;820
2021-04-16;9;819;812
2021-04-16;10;773;767
2021-04-16;11;880;864
2021-04-16;12;938;927
2021-04-16;13;1091;1075
2021-04-16;14;1403;1386
2021-04-16;15;1378;1363
2021-04-16;16;1212;1193
2021-04-16;17;1434;1419
2021-04-16;18;1462;1448
2021-04-16;19;161;161
2021-04-16;20;39;38
2021-04-16;21;22;22
2021-04-16;22;10;10
2021-04-16;23;20;20
2021-04-17;0;1;1
2021-04-17;4;9;9
2021-04-17;5;1;1
2021-04-17;6;19;19
2021-04-17;7;61;61
2021-04-17;8;107;107
2021-04-17;9;87;86
2021-04-17;10;151;150
2021-04-17;11;174;169
2021-04-17;12;246;240
2021-04-17;13;365;364
2021-04-17;14;389;382
2021-04-17;15;311;307
2021-04-17;16;349;341
2021-04-17;17;220;218
2021-04-17;18;86;83
2021-04-17;19;19;19
2021-04-17;20;12;12
2021-04-17;21;23;21
2021-04-17;22;13;13
2021-04-17;23;14;14
2021-04-18;0;1;1
2021-04-18;3;2;2
2021-04-18;4;4;4
2021-04-18;5;1;1
2021-04-18;6;2;2
2021-04-18;7;21;21
2021-04-18;8;57;55
2021-04-18;9;49;48
2021-04-18;10;76;75
2021-04-18;11;125;123
2021-04-18;12;161;157
2021-04-18;13;281;279
2021-04-18;14;292;291
2021-04-18;15;269;267
2021-04-18;16;323;319
2021-04-18;17;170;165
2021-04-18;18;68;64
2021-04-18;19;10;10
2021-04-18;20;22;22
2021-04-18;21;30;30
2021-04-18;22;26;25
2021-04-18;23;33;33
2021-04-19;1;1;1
2021-04-19;3;5;5
2021-04-19;4;19;19
2021-04-19;5;10;10
2021-04-19;6;93;91
2021-04-19;7;1083;1079
2021-04-19;8;1200;1192
2021-04-19;9;1119;1112
2021-04-19;10;1087;1080
2021-04-19;11;1187;1164
2021-04-19;12;1414;1396
2021-04-19;13;1395;1382
2021-04-19;14;1432;1417
2021-04-19;15;1470;1454
2021-04-19;16;1292;1280
2021-04-19;17;1644;1624
2021-04-19;18;1731;1719
2021-04-19;19;140;139
2021-04-19;20;39;34
2021-04-19;21;39;38
2021-04-19;22;24;19
2021-04-19;23;21;21
2021-04-20;0;1;1
2021-04-20;3;3;3
2021-04-20;4;20;19
2021-04-20;5;5;5
2021-04-20;6;79;79
2021-04-20;7;699;693
2021-04-20;8;970;961
2021-04-20;9;900;893
2021-04-20;10;867;861
2021-04-20;11;945;936
2021-04-20;12;1062;1054
2021-04-20;13;1171;1156
2021-04-20;14;1313;1297
2021-04-20;15;1147;1140
2021-04-20;16;1135;1123
2021-04-20;17;1307;1299
2021-04-20;18;1479;1471
2021-04-20;19;169;168
2021-04-20;20;33;33
2021-04-20;21;20;19
2021-04-20;22;28;28
2021-04-20;23;14;14
2021-04-21;0;2;2
2021-04-21;3;3;3
2021-04-21;4;13;13
2021-04-21;5;3;3
2021-04-21;6;62;61
2021-04-21;7;612;610
2021-04-21;8;900;894
2021-04-21;9;825;816
2021-04-21;10;831;825
2021-04-21;11;921;912
2021-04-21;12;1047;1043
2021-04-21;13;1132;1124
2021-04-21;14;1248;1231
2021-04-21;15;1125;1116
2021-04-21;16;1215;1202
2021-04-21;17;1338;1328
2021-04-21;18;1419;1405
2021-04-21;19;135;135
2021-04-21;20;43;43
2021-04-21;21;30;29
2021-04-21;22;19;19
2021-04-21;23;12;12
2021-04-22;2;1;1
2021-04-22;6;60;58
2021-04-22;7;601;592
2021-04-22;8;856;848
2021-04-22;9;806;798
2021-04-22;10;826;816
2021-04-22;11;949;941
2021-04-22;12;1154;1148
2021-04-22;13;1269;1254
2021-04-22;14;1375;1357
2021-04-22;15;1260;1249
2021-04-22;16;1275;1260
2021-04-22;17;1388;1373
2021-04-22;18;1560;1541
2021-04-22;19;197;194
2021-04-22;20;41;30
2021-04-22;21;23;22
2021-04-22;22;13;13
2021-04-22;23;16;16
2021-04-23;3;3;3
2021-04-23;4;7;7
2021-04-23;5;3;3
2021-04-23;6;13;13
2021-04-23;7;55;54
2021-04-23;8;79;79
2021-04-23;9;84;84
2021-04-23;10;123;122
2021-04-23;11;171;169
2021-04-23;12;141;141
2021-04-23;13;219;218
2021-04-23;14;245;241
2021-04-23;15;292;285
2021-04-23;16;347;343
2021-04-23;17;264;258
2021-04-23;18;109;109
2021-04-23;19;19;19
2021-04-23;20;11;11
2021-04-23;21;18;18
2021-04-23;22;16;16
2021-04-23;23;17;15
2021-04-24;3;7;7
2021-04-24;4;11;11
2021-04-24;6;9;8
2021-04-24;7;59;59
2021-04-24;8;122;113
2021-04-24;9;129;129
2021-04-24;10;145;142
2021-04-24;11;185;185
2021-04-24;12;228;222
2021-04-24;13;373;367
2021-04-24;14;386;383
2021-04-24;15;341;339
2021-04-24;16;336;333
2021-04-24;17;250;242
2021-04-24;18;93;90
2021-04-24;19;19;19
2021-04-24;20;8;8
2021-04-24;21;14;14
2021-04-24;22;6;6
2021-04-24;23;10;10
2021-04-25;0;2;2
2021-04-25;3;3;3
2021-04-25;4;1;1
2021-04-25;6;5;5
2021-04-25;7;19;17
2021-04-25;8;25;25
2021-04-25;9;45;45
2021-04-25;10;81;81
2021-04-25;11;115;114
2021-04-25;12;234;228
2021-04-25;13;286;281
2021-04-25;14;348;337
2021-04-25;15;357;350
2021-04-25;16;334;332
2021-04-25;17;167;160
2021-04-25;18;76;71
2021-04-25;19;17;17
2021-04-25;20;27;27
2021-04-25;21;23;21
2021-04-25;22;25;23
2021-04-25;23;38;37
2021-04-26;0;1;1
2021-04-26;3;12;11
2021-04-26;4;18;18
2021-04-26;5;8;8
2021-04-26;6;102;100
2021-04-26;7;1042;1031
2021-04-26;8;1239;1224
2021-04-26;9;1195;1180
2021-04-26;10;1139;1133
2021-04-26;11;1205;1185
2021-04-26;12;1483;1470
2021-04-26;13;1574;1556
2021-04-26;14;1464;1455
2021-04-26;15;1531;1513
2021-04-26;16;1384;1364
2021-04-26;17;1651;1638
2021-04-26;18;1801;1792
2021-04-26;19;213;205
2021-04-26;20;36;35
2021-04-26;21;31;31
2021-04-26;22;19;19
2021-04-26;23;22;22
2021-04-27;3;2;2
2021-04-27;4;23;22
2021-04-27;5;6;6
2021-04-27;6;73;73
2021-04-27;7;670;667
2021-04-27;8;936;924
2021-04-27;9;1051;1039
2021-04-27;10;1163;1153
2021-04-27;11;1264;1249
2021-04-27;12;1449;1419
2021-04-27;13;1616;1599
2021-04-27;14;1642;1626
2021-04-27;15;1483;1462
2021-04-27;16;1459;1437
2021-04-27;17;1486;1472
2021-04-27;18;1671;1657
2021-04-27;19;229;225
2021-04-27;20;38;36
2021-04-27;21;34;33
2021-04-27;22;31;27
2021-04-27;23;26;26
2021-04-28;0;1;1
2021-04-28;3;11;10
2021-04-28;4;17;17
2021-04-28;5;8;8
2021-04-28;6;55;55
2021-04-28;7;682;673
2021-04-28;8;956;943
2021-04-28;9;1010;998
2021-04-28;10;1277;1264
2021-04-28;11;1319;1312
2021-04-28;12;1567;1555
2021-04-28;13;1674;1654
2021-04-28;14;1642;1620
2021-04-28;15;1675;1659
2021-04-28;16;1507;1492
2021-04-28;17;1555;1542
2021-04-28;18;1634;1618
2021-04-28;19;182;180
2021-04-28;20;22;22
2021-04-28;21;46;42
2021-04-28;22;26;26
2021-04-28;23;27;27
2021-04-29;0;1;1
2021-04-29;3;4;4
2021-04-29;4;16;16
2021-04-29;5;8;8
2021-04-29;6;79;77
2021-04-29;7;631;628
2021-04-29;8;920;911
2021-04-29;9;999;986
2021-04-29;10;1130;1121
2021-04-29;11;1402;1387
2021-04-29;12;1584;1571
2021-04-29;13;1689;1668
2021-04-29;14;1682;1654
2021-04-29;15;1656;1637
2021-04-29;16;1539;1521
2021-04-29;17;1506;1488
2021-04-29;18;1654;1634
2021-04-29;19;284;281
2021-04-29;20;30;29
2021-04-29;21;30;29
2021-04-29;22;15;15
2021-04-29;23;22;20
2021-04-30;1;1;1
2021-04-30;3;2;2
2021-04-30;4;11;11
2021-04-30;5;2;2
2021-04-30;6;22;22
2021-04-30;7;81;77
2021-04-30;8;96;93
2021-04-30;9;131;129
2021-04-30;10;134;133
2021-04-30;11;139;139
2021-04-30;12;166;161
2021-04-30;13;223;220
2021-04-30;14;234;228
2021-04-30;15;192;190
2021-04-30;16;291;287
2021-04-30;17;331;327
2021-04-30;18;203;200
2021-04-30;19;38;37
2021-04-30;20;11;9
2021-04-30;21;18;17
2021-04-30;22;19;19
2021-04-30;23;20;20
2021-05-01;0;1;1
2021-05-01;3;3;3
2021-05-01;4;6;6
2021-05-01;5;1;1
2021-05-01;6;20;19
2021-05-01;7;58;57
2021-05-01;8;53;53
2021-05-01;9;59;58
2021-05-01;10;79;77
2021-05-01;11;100;99
2021-05-01;12;156;154
2021-05-01;13;218;211
2021-05-01;14;245;243
2021-05-01;15;253;247
2021-05-01;16;276;271
2021-05-01;17;166;164
2021-05-01;18;74;74
2021-05-01;19;25;21
2021-05-01;20;7;7
2021-05-01;21;22;20
2021-05-01;22;13;13
2021-05-01;23;14;14
2021-05-02;0;1;1
2021-05-02;3;2;2
2021-05-02;4;3;3
2021-05-02;6;12;12
2021-05-02;7;18;18
2021-05-02;8;35;34
2021-05-02;9;25;24
2021-05-02;10;51;50
2021-05-02;11;70;70
2021-05-02;12;86;85
2021-05-02;13;157;156
2021-05-02;14;162;158
2021-05-02;15;141;140
2021-05-02;16;156;153
2021-05-02;17;91;91
2021-05-02;18;48;47
2021-05-02;19;13;13
2021-05-02;20;20;17
2021-05-02;21;13;13
2021-05-02;22;16;16
2021-05-02;23;17;17
2021-05-03;0;3;3
2021-05-03;3;3;3
2021-05-03;4;6;6
2021-05-03;5;2;2
2021-05-03;6;27;27
2021-05-03;7;136;135
2021-05-03;8;154;152
2021-05-03;9;125;124
2021-05-03;10;205;200
2021-05-03;11;207;206
2021-05-03;12;232;229
2021-05-03;13;217;215
2021-05-03;14;249;247
2021-05-03;15;299;297
2021-05-03;16;382;372
2021-05-03;17;472;461
2021-05-03;18;342;331
2021-05-03;19;69;68
2021-05-03;20;30;28
2021-05-03;21;18;18
2021-05-03;22;18;18
2021-05-03;23;14;14
2021-05-04;0;4;3
2021-05-04;1;1;1
2021-05-04;3;7;7
2021-05-04;4;8;8
2021-05-04;5;2;2
2021-05-04;6;22;22
2021-05-04;7;114;114
2021-05-04;8;120;115
2021-05-04;9;125;121
2021-05-04;10;167;165
2021-05-04;11;173;172
2021-05-04;12;210;206
2021-05-04;13;246;242
2021-05-04;14;302;295
2021-05-04;15;250;248
2021-05-04;16;386;377
2021-05-04;17;440;435
2021-05-04;18;301;293
2021-05-04;19;59;58
2021-05-04;20;12;12
2021-05-04;21;28;28
2021-05-04;22;19;17
2021-05-04;23;7;7
2021-05-05;3;3;3
2021-05-05;4;7;7
2021-05-05;5;3;3
2021-05-05;6;28;27
2021-05-05;7;108;106
2021-05-05;8;117;115
2021-05-05;9;178;172
2021-05-05;10;194;188
2021-05-05;11;186;179
2021-05-05;12;190;186
2021-05-05;13;246;240
2021-05-05;14;258;256
2021-05-05;15;220;217
2021-05-05;16;330;323
2021-05-05;17;422;412
2021-05-05;18;291;283
2021-05-05;19;56;55
2021-05-05;20;21;21
2021-05-05;21;17;15
2021-05-05;22;15;15
2021-05-05;23;14;13
2021-05-06;0;1;1
2021-05-06;3;4;4
2021-05-06;4;10;10
2021-05-06;5;4;4
2021-05-06;6;24;23
2021-05-06;7;85;85
2021-05-06;8;106;105
2021-05-06;9;116;115
2021-05-06;10;173;173
2021-05-06;11;173;173
2021-05-06;12;260;251
2021-05-06;13;247;246
2021-05-06;14;285;283
2021-05-06;15;304;301
2021-05-06;16;327;324
2021-05-06;17;412;402
2021-05-06;18;361;350
2021-05-06;19;81;77
2021-05-06;20;14;13
2021-05-06;21;21;20
2021-05-06;22;30;28
2021-05-06;23;23;19
2021-05-07;0;2;2
2021-05-07;3;2;2
2021-05-07;4;6;6
2021-05-07;5;2;2
2021-05-07;6;32;32
2021-05-07;7;82;81
2021-05-07;8;102;95
2021-05-07;9;139;136
2021-05-07;10;188;187
2021-05-07;11;173;169
2021-05-07;12;218;216
2021-05-07;13;257;255
2021-05-07;14;308;305
2021-05-07;15;273;273
2021-05-07;16;321;316
2021-05-07;17;435;427
2021-05-07;18;288;285
2021-05-07;19;63;62
2021-05-07;20;10;10
2021-05-07;21;11;11
2021-05-07;22;16;16
2021-05-07;23;14;14
2021-05-08;0;1;1
2021-05-08;1;1;1
2021-05-08;4;9;9
2021-05-08;5;1;1
2021-05-08;6;17;16
2021-05-08;7;60;59
2021-05-08;8;69;66
2021-05-08;9;69;67
2021-05-08;10;118;113
2021-05-08;11;136;134
2021-05-08;12;164;163
2021-05-08;13;213;210
2021-05-08;14;268;264
2021-05-08;15;270;261
2021-05-08;16;242;237
2021-05-08;17;243;235
2021-05-08;18;136;130
2021-05-08;19;25;23
2021-05-08;20;11;11
2021-05-08;21;8;7
2021-05-08;22;12;10
2021-05-08;23;11;11
2021-05-09;0;1;1
2021-05-09;2;2;2
2021-05-09;3;1;1
2021-05-09;5;2;2
2021-05-09;6;4;4
2021-05-09;7;19;19
2021-05-09;8;9;9
2021-05-09;9;20;20
2021-05-09;10;52;52
2021-05-09;11;83;83
2021-05-09;12;97;97
2021-05-09;13;133;133
2021-05-09;14;190;187
2021-05-09;15;157;155
2021-05-09;16;140;136
2021-05-09;17;110;107
2021-05-09;18;42;42
2021-05-09;19;17;16
2021-05-09;20;7;7
2021-05-09;21;16;16
2021-05-09;22;16;16
2021-05-09;23;6;6
2021-05-10;3;9;9
2021-05-10;4;9;9
2021-05-10;5;6;6
2021-05-10;6;26;25
2021-05-10;7;98;97
2021-05-10;8;106;105
2021-05-10;9;126;124
2021-05-10;10;175;171
2021-05-10;11;179;177
2021-05-10;12;211;210
2021-05-10;13;246;243
2021-05-10;14;289;287
2021-05-10;15;297;292
2021-05-10;16;300;293
2021-05-10;17;401;398
2021-05-10;18;252;249
2021-05-10;19;53;51
2021-05-10;20;10;10
2021-05-10;21;16;16
2021-05-10;22;18;18
2021-05-10;23;13;13
2021-05-11;0;2;2
2021-05-11;1;1;1
2021-05-11;3;2;1
2021-05-11;4;1;1
2021-05-11;5;3;3
2021-05-11;6;20;19
2021-05-11;7;95;95
2021-05-11;8;67;66
2021-05-11;9;117;114
2021-05-11;10;133;132
2021-05-11;11;154;154
2021-05-11;12;187;187
2021-05-11;13;275;268
2021-05-11;14;258;256
2021-05-11;15;238;235
2021-05-11;16;291;281
2021-05-11;17;314;313
2021-05-11;18;211;206
2021-05-11;19;47;46
2021-05-11;20;12;12
2021-05-11;21;20;17
2021-05-11;22;13;13
2021-05-11;23;14;14
2021-05-12;0;3;3
2021-05-12;1;1;1
2021-05-12;3;2;2
2021-05-12;4;4;4
2021-05-12;6;12;12
2021-05-12;7;45;44
2021-05-12;8;68;66
2021-05-12;9;84;83
2021-05-12;10;122;121
2021-05-12;11;162;161
2021-05-12;12;211;211
2021-05-12;13;268;265
2021-05-12;14;281;280
2021-05-12;15;208;205
2021-05-12;16;202;199
2021-05-12;17;153;150
2021-05-12;18;74;72
2021-05-12;19;14;14
2021-05-12;20;4;4
2021-05-12;21;4;4
2021-05-12;22;4;4
2021-05-12;23;3;3
2021-05-13;0;2;2
2021-05-13;4;1;1
2021-05-13;6;3;3
2021-05-13;7;13;13
2021-05-13;8;9;9
2021-05-13;9;20;19
2021-05-13;10;14;14
2021-05-13;11;25;25
2021-05-13;12;51;51
2021-05-13;13;68;67
2021-05-13;14;46;46
2021-05-13;15;38;38
2021-05-13;16;53;51
2021-05-13;17;43;43
2021-05-13;18;23;21
2021-05-13;19;20;20
2021-05-13;20;7;7
2021-05-13;21;7;7
2021-05-13;22;4;4
2021-05-13;23;6;6
2021-05-14;3;1;1
2021-05-14;4;1;1
2021-05-14;6;1;1
2021-05-14;7;22;21
2021-05-14;8;22;22
2021-05-14;9;28;28
2021-05-14;10;44;44
2021-05-14;11;78;77
2021-05-14;12;92;90
2021-05-14;13;118;117
2021-05-14;14;161;156
2021-05-14;15;124;122
2021-05-14;16;97;96
2021-05-14;17;62;57
2021-05-14;18;36;34
2021-05-14;19;22;21
2021-05-14;20;10;9
2021-05-14;21;6;6
2021-05-14;22;6;6
2021-05-14;23;9;9
2021-05-15;0;1;1
2021-05-15;3;1;1
2021-05-15;5;1;1
2021-05-15;6;2;2
2021-05-15;7;32;32
2021-05-15;8;37;36
2021-05-15;9;43;42
2021-05-15;10;59;59
2021-05-15;11;92;90
2021-05-15;12;151;149
2021-05-15;13;164;157
2021-05-15;14;170;168
2021-05-15;15;159;156
2021-05-15;16;137;130
2021-05-15;17;111;109
2021-05-15;18;52;50
2021-05-15;19;31;29
2021-05-15;20;11;11
2021-05-15;21;8;8
2021-05-15;22;13;12
2021-05-15;23;12;12
2021-05-16;3;1;1
2021-05-16;4;1;1
2021-05-16;6;2;2
2021-05-16;7;10;10
2021-05-16;8;22;22
2021-05-16;9;40;38
2021-05-16;10;72;72
2021-05-16;11;118;117
2021-05-16;12;193;192
2021-05-16;13;263;261
2021-05-16;14;286;284
2021-05-16;15;268;267
2021-05-16;16;285;281
2021-05-16;17;180;180
2021-05-16;18;82;80
2021-05-16;19;54;54
2021-05-16;20;39;39
2021-05-16;21;39;39
2021-05-16;22;45;45
2021-05-16;23;52;51
2021-05-17;0;7;7
2021-05-17;3;3;3
2021-05-17;4;2;2
2021-05-17;5;6;6
2021-05-17;6;210;209
2021-05-17;7;1759;1732
2021-05-17;8;1641;1625
2021-05-17;9;1518;1510
2021-05-17;10;1660;1642
2021-05-17;11;1818;1801
2021-05-17;12;2025;2011
2021-05-17;13;1862;1840
2021-05-17;14;1834;1809
2021-05-17;15;1714;1687
2021-05-17;16;1641;1624
2021-05-17;17;1419;1403
2021-05-17;18;1718;1699
2021-05-17;19;1778;1760
2021-05-17;20;1073;1065
2021-05-17;21;128;126
2021-05-17;22;34;34
2021-05-17;23;32;32
2021-05-18;0;3;3
2021-05-18;3;3;3
2021-05-18;4;1;1
2021-05-18;5;6;5
2021-05-18;6;143;141
2021-05-18;7;1086;1080
2021-05-18;8;1174;1164
2021-05-18;9;1270;1255
2021-05-18;10;1356;1343
2021-05-18;11;1522;1512
2021-05-18;12;1756;1734
2021-05-18;13;1659;1643
2021-05-18;14;1403;1382
2021-05-18;15;1551;1534
2021-05-18;16;1241;1226
2021-05-18;17;1214;1198
2021-05-18;18;1382;1368
2021-05-18;19;1328;1315
2021-05-18;20;902;891
2021-05-18;21;94;91
2021-05-18;22;22;22
2021-05-18;23;17;17
2021-05-19;0;1;1
2021-05-19;3;1;1
2021-05-19;5;7;7
2021-05-19;6;107;106
2021-05-19;7;782;776
2021-05-19;8;819;814
2021-05-19;9;817;809
2021-05-19;10;898;892
2021-05-19;11;1061;1046
2021-05-19;12;1261;1251
2021-05-19;13;1309;1299
2021-05-19;14;1161;1148
2021-05-19;15;1111;1099
2021-05-19;16;991;982
2021-05-19;17;1119;1105
2021-05-19;18;1223;1208
2021-05-19;19;1244;1235
2021-05-19;20;873;866
2021-05-19;21;116;115
2021-05-19;22;48;46
2021-05-19;23;24;24
2021-05-20;0;3;3
2021-05-20;3;1;1
2021-05-20;4;1;1
2021-05-20;5;10;10
2021-05-20;6;143;142
2021-05-20;7;1024;1016
2021-05-20;8;1111;1107
2021-05-20;9;1289;1277
2021-05-20;10;1285;1274
2021-05-20;11;1536;1519
2021-05-20;12;1724;1705
2021-05-20;13;1705;1684
2021-05-20;14;1574;1557
2021-05-20;15;1411;1396
2021-05-20;16;1273;1253
2021-05-20;17;1203;1187
2021-05-20;18;1333;1321
2021-05-20;19;1327;1307
2021-05-20;20;902;890
2021-05-20;21;95;94
2021-05-20;22;54;51
2021-05-20;23;26;26
2021-05-21;0;3;3
2021-05-21;2;1;1
2021-05-21;4;1;1
2021-05-21;5;4;4
2021-05-21;6;121;120
2021-05-21;7;930;914
2021-05-21;8;1075;1062
2021-05-21;9;1154;1146
2021-05-21;10;1235;1225
2021-05-21;11;1352;1341
2021-05-21;12;1374;1356
2021-05-21;13;1468;1449
2021-05-21;14;1611;1584
2021-05-21;15;1437;1419
2021-05-21;16;1295;1288
2021-05-21;17;1187;1176
2021-05-21;18;1363;1353
2021-05-21;19;1336;1320
2021-05-21;20;944;940
2021-05-21;21;103;100
2021-05-21;22;37;35
2021-05-21;23;18;18
2021-05-22;0;1;1
2021-05-22;1;1;1
2021-05-22;3;1;1
2021-05-22;5;2;2
2021-05-22;6;18;17
2021-05-22;7;121;120
2021-05-22;8;134;133
2021-05-22;9;157;155
2021-05-22;10;210;210
2021-05-22;11;217;217
2021-05-22;12;295;291
2021-05-22;13;433;427
2021-05-22;14;429;426
2021-05-22;15;391;385
2021-05-22;16;381;374
2021-05-22;17;304;298
2021-05-22;18;168;165
2021-05-22;19;83;81
2021-05-22;20;38;37
2021-05-22;21;16;14
2021-05-22;22;14;14
2021-05-22;23;10;10
2021-05-23;0;2;2
2021-05-23;3;1;1
2021-05-23;6;6;6
2021-05-23;7;36;34
2021-05-23;8;56;55
2021-05-23;9;96;94
2021-05-23;10;126;126
2021-05-23;11;179;176
2021-05-23;12;288;284
2021-05-23;13;341;338
2021-05-23;14;357;354
2021-05-23;15;398;394
2021-05-23;16;324;321
2021-05-23;17;217;216
2021-05-23;18;128;119
2021-05-23;19;68;67
2021-05-23;20;40;39
2021-05-23;21;45;44
2021-05-23;22;28;28
2021-05-23;23;28;28
2021-05-24;0;6;6
2021-05-24;4;3;3
2021-05-24;5;10;10
2021-05-24;6;199;198
2021-05-24;7;1731;1714
2021-05-24;8;1677;1655
2021-05-24;9;1691;1667
2021-05-24;10;1538;1528
2021-05-24;11;1655;1641
2021-05-24;12;1916;1898
2021-05-24;13;1904;1884
2021-05-24;14;1759;1735
2021-05-24;15;1576;1557
2021-05-24;16;1557;1547
2021-05-24;17;1439;1424
2021-05-24;18;1618;1604
2021-05-24;19;1638;1615
2021-05-24;20;1053;1042
2021-05-24;21;138;138
2021-05-24;22;38;37
2021-05-24;23;27;27
2021-05-25;0;6;6
2021-05-25;3;1;1
2021-05-25;4;1;1
2021-05-25;5;7;6
2021-05-25;6;148;146
2021-05-25;7;1043;1034
2021-05-25;8;1270;1261
2021-05-25;9;1294;1282
2021-05-25;10;1272;1266
2021-05-25;11;1449;1437
2021-05-25;12;1558;1544
2021-05-25;13;1647;1629
2021-05-25;14;1492;1478
2021-05-25;15;1346;1331
2021-05-25;16;1315;1309
2021-05-25;17;1303;1290
2021-05-25;18;1421;1405
2021-05-25;19;1393;1381
2021-05-25;20;960;944
2021-05-25;21;128;127
2021-05-25;22;50;49
2021-05-25;23;21;21
2021-05-26;0;2;2
2021-05-26;3;2;2
2021-05-26;4;1;1
2021-05-26;5;2;2
2021-05-26;6;124;122
2021-05-26;7;1052;1044
2021-05-26;8;1218;1214
2021-05-26;9;1286;1268
2021-05-26;10;1199;1191
2021-05-26;11;1286;1277
2021-05-26;12;1589;1570
2021-05-26;13;1417;1404
2021-05-26;14;1359;1351
2021-05-26;15;1297;1280
2021-05-26;16;1169;1154
2021-05-26;17;1158;1145
2021-05-26;18;1373;1363
2021-05-26;19;1366;1351
2021-05-26;20;952;937
2021-05-26;21;128;127
2021-05-26;22;43;42
2021-05-26;23;24;24
2021-05-27;0;1;1
2021-05-27;1;1;1
2021-05-27;3;1;1
2021-05-27;5;4;4
2021-05-27;6;134;134
2021-05-27;7;977;973
2021-05-27;8;1222;1216
2021-05-27;9;1205;1196
2021-05-27;10;1187;1180
2021-05-27;11;1227;1218
2021-05-27;12;1463;1450
2021-05-27;13;1464;1444
2021-05-27;14;1356;1344
2021-05-27;15;1407;1389
2021-05-27;16;1188;1180
2021-05-27;17;1076;1061
2021-05-27;18;1313;1307
2021-05-27;19;1334;1320
2021-05-27;20;690;683
2021-05-27;21;85;83
2021-05-27;22;33;33
2021-05-27;23;19;19
2021-05-28;3;1;1
2021-05-28;5;2;2
2021-05-28;6;148;147
2021-05-28;7;1076;1070
2021-05-28;8;1161;1150
2021-05-28;9;1248;1232
2021-05-28;10;1182;1171
2021-05-28;11;1264;1259
2021-05-28;12;1355;1342
2021-05-28;13;1368;1357
2021-05-28;14;1576;1556
2021-05-28;15;1380;1356
2021-05-28;16;1323;1309
2021-05-28;17;1230;1222
2021-05-28;18;1475;1465
2021-05-28;19;1455;1443
2021-05-28;20;1022;1007
2021-05-28;21;152;144
2021-05-28;22;37;36
2021-05-28;23;20;18
2021-05-29;0;2;2
2021-05-29;3;1;1
2021-05-29;5;2;2
2021-05-29;6;30;30
2021-05-29;7;125;125
2021-05-29;8;183;181
2021-05-29;9;188;185
2021-05-29;10;202;200
2021-05-29;11;246;245
2021-05-29;12;327;324
2021-05-29;13;380;378
2021-05-29;14;445;442
2021-05-29;15;404;401
2021-05-29;16;445;443
2021-05-29;17;368;357
2021-05-29;18;261;259
2021-05-29;19;112;108
2021-05-29;20;48;48
2021-05-29;21;22;22
2021-05-29;22;18;18
2021-05-29;23;9;9
2021-05-30;0;1;1
2021-05-30;6;8;8
2021-05-30;7;50;50
2021-05-30;8;74;72
2021-05-30;9;113;112
2021-05-30;10;133;131
2021-05-30;11;188;186
2021-05-30;12;295;293
2021-05-30;13;396;390
2021-05-30;14;377;374
2021-05-30;15;328;325
2021-05-30;16;373;371
2021-05-30;17;214;213
2021-05-30;18;141;139
2021-05-30;19;95;94
2021-05-30;20;53;52
2021-05-30;21;45;45
2021-05-30;22;30;30
2021-05-30;23;36;35
2021-05-31;0;2;2
2021-05-31;3;4;4
2021-05-31;5;7;7
2021-05-31;6;207;205
2021-05-31;7;1779;1754
2021-05-31;8;1722;1701
2021-05-31;9;1865;1847
2021-05-31;10;1421;1402
2021-05-31;11;1632;1621
2021-05-31;12;1839;1813
2021-05-31;13;1786;1774
2021-05-31;14;1709;1693
2021-05-31;15;1565;1547
2021-05-31;16;1509;1492
2021-05-31;17;1331;1318
2021-05-31;18;1548;1537
2021-05-31;19;1542;1524
2021-05-31;20;1078;1068
2021-05-31;21;174;171
2021-05-31;22;53;53
2021-05-31;23;40;37
2021-06-01;0;6;6
2021-06-01;1;1;1
2021-06-01;3;1;1
2021-06-01;4;3;3
2021-06-01;5;4;4
2021-06-01;6;179;178
2021-06-01;7;1187;1169
2021-06-01;8;1442;1432
2021-06-01;9;1478;1461
2021-06-01;10;1269;1256
2021-06-01;11;1524;1509
2021-06-01;12;1739;1717
2021-06-01;13;1530;1514
2021-06-01;14;1490;1474
2021-06-01;15;1472;1457
2021-06-01;16;1424;1409
2021-06-01;17;1218;1208
2021-06-01;18;1421;1403
2021-06-01;19;1236;1222
2021-06-01;20;944;936
2021-06-01;21;397;391
2021-06-01;22;62;62
2021-06-01;23;32;31
2021-06-02;0;3;3
2021-06-02;3;1;1
2021-06-02;5;9;9
2021-06-02;6;143;141
2021-06-02;7;1130;1114
2021-06-02;8;1444;1432
2021-06-02;9;1324;1311
2021-06-02;10;1205;1199
2021-06-02;11;1357;1347
2021-06-02;12;1689;1670
2021-06-02;13;1512;1502
2021-06-02;14;1449;1434
2021-06-02;15;1398;1379
2021-06-02;16;1356;1345
2021-06-02;17;1341;1322
2021-06-02;18;1595;1574
2021-06-02;19;1475;1464
2021-06-02;20;929;917
2021-06-02;21;539;527
2021-06-02;22;75;74
2021-06-02;23;27;27
2021-06-03;0;1;1
2021-06-03;4;2;2
2021-06-03;5;8;8
2021-06-03;6;135;135
2021-06-03;7;1093;1087
2021-06-03;8;1372;1355
2021-06-03;9;1290;1280
2021-06-03;10;1261;1248
2021-06-03;11;1365;1353
2021-06-03;12;1672;1652
2021-06-03;13;1566;1544
2021-06-03;14;1514;1509
2021-06-03;15;1462;1450
2021-06-03;16;1318;1303
2021-06-03;17;1235;1220
2021-06-03;18;1525;1511
2021-06-03;19;1268;1258
2021-06-03;20;1004;996
2021-06-03;21;448;445
2021-06-03;22;70;70
2021-06-03;23;40;37
2021-06-04;0;4;4
2021-06-04;2;1;1
2021-06-04;3;1;1
2021-06-04;4;1;1
2021-06-04;5;3;3
2021-06-04;6;128;128
2021-06-04;7;1033;1019
2021-06-04;8;1251;1235
2021-06-04;9;1243;1233
2021-06-04;10;1175;1163
2021-06-04;11;1364;1346
2021-06-04;12;1386;1374
2021-06-04;13;1460;1446
2021-06-04;14;1605;1581
2021-06-04;15;1539;1513
2021-06-04;16;1401;1389
2021-06-04;17;1330;1315
2021-06-04;18;1543;1527
2021-06-04;19;1344;1333
2021-06-04;20;984;972
2021-06-04;21;486;479
2021-06-04;22;66;66
2021-06-04;23;20;20
2021-06-05;0;2;2
2021-06-05;2;1;1
2021-06-05;3;5;5
2021-06-05;4;2;2
2021-06-05;5;3;3
2021-06-05;6;94;94
2021-06-05;7;669;666
2021-06-05;8;795;791
2021-06-05;9;847;840
2021-06-05;10;926;913
2021-06-05;11;1163;1153
2021-06-05;12;1494;1479
2021-06-05;13;1496;1485
2021-06-05;14;1586;1568
2021-06-05;15;1422;1406
2021-06-05;16;1325;1312
2021-06-05;17;1278;1260
2021-06-05;18;1345;1326
2021-06-05;19;1219;1197
2021-06-05;20;881;869
2021-06-05;21;493;487
2021-06-05;22;55;55
2021-06-05;23;22;22
2021-06-06;0;2;2
2021-06-06;3;1;1
2021-06-06;4;2;2
2021-06-06;5;2;2
2021-06-06;6;12;12
2021-06-06;7;42;41
2021-06-06;8;84;80
2021-06-06;9;103;96
2021-06-06;10;126;126
2021-06-06;11;202;200
2021-06-06;12;312;309
2021-06-06;13;381;379
2021-06-06;14;430;427
2021-06-06;15;409;403
2021-06-06;16;447;444
2021-06-06;17;290;286
2021-06-06;18;177;175
2021-06-06;19;111;111
2021-06-06;20;64;62
2021-06-06;21;54;54
2021-06-06;22;43;42
2021-06-06;23;46;46
2021-06-07;0;4;4
2021-06-07;2;1;1
2021-06-07;3;2;2
2021-06-07;4;3;3
2021-06-07;5;7;7
2021-06-07;6;212;212
2021-06-07;7;2040;2014
2021-06-07;8;2298;2284
2021-06-07;9;1849;1831
2021-06-07;10;1537;1516
2021-06-07;11;1599;1585
2021-06-07;12;2036;2010
2021-06-07;13;1831;1818
2021-06-07;14;1975;1943
2021-06-07;15;1715;1700
2021-06-07;16;1600;1575
2021-06-07;17;1578;1557
2021-06-07;18;1875;1856
2021-06-07;19;1633;1618
2021-06-07;20;1185;1174
2021-06-07;21;650;642
2021-06-07;22;105;102
2021-06-07;23;47;44
2021-06-08;0;5;5
2021-06-08;5;5;5
2021-06-08;6;163;161
2021-06-08;7;1212;1195
2021-06-08;8;1663;1642
2021-06-08;9;1376;1370
2021-06-08;10;1231;1221
2021-06-08;11;1507;1489
2021-06-08;12;1612;1591
2021-06-08;13;1713;1697
2021-06-08;14;1646;1624
2021-06-08;15;1537;1527
2021-06-08;16;1328;1314
2021-06-08;17;1359;1346
2021-06-08;18;1580;1569
2021-06-08;19;1323;1312
2021-06-08;20;867;856
2021-06-08;21;389;386
2021-06-08;22;66;65
2021-06-08;23;42;41
2021-06-09;0;6;6
2021-06-09;3;2;2
2021-06-09;4;3;3
2021-06-09;5;8;8
2021-06-09;6;148;146
2021-06-09;7;1143;1131
2021-06-09;8;1447;1433
2021-06-09;9;1426;1408
2021-06-09;10;1232;1222
2021-06-09;11;1411;1401
2021-06-09;12;1611;1598
2021-06-09;13;1502;1489
2021-06-09;14;1504;1486
2021-06-09;15;1416;1407
2021-06-09;16;1400;1391
2021-06-09;17;1279;1272
2021-06-09;18;1498;1484
2021-06-09;19;1307;1293
2021-06-09;20;949;941
2021-06-09;21;441;433
2021-06-09;22;67;66
2021-06-09;23;30;30
2021-06-10;0;4;4
2021-06-10;3;1;1
2021-06-10;4;1;1
2021-06-10;5;3;3
2021-06-10;6;144;142
2021-06-10;7;1162;1155
2021-06-10;8;1548;1532
2021-06-10;9;1435;1416
2021-06-10;10;1224;1201
2021-06-10;11;1291;1265
2021-06-10;12;1518;1504
2021-06-10;13;1542;1526
2021-06-10;14;1558;1537
2021-06-10;15;1481;1455
2021-06-10;16;1228;1218
2021-06-10;17;1239;1232
2021-06-10;18;1473;1457
2021-06-10;19;1253;1245
2021-06-10;20;794;789
2021-06-10;21;428;425
2021-06-10;22;78;76
2021-06-10;23;38;37
2021-06-11;0;2;2
2021-06-11;2;1;1
2021-06-11;5;3;3
2021-06-11;6;164;161
2021-06-11;7;1179;1165
2021-06-11;8;1330;1320
2021-06-11;9;1245;1234
2021-06-11;10;1149;1139
2021-06-11;11;1211;1201
2021-06-11;12;1382;1363
2021-06-11;13;1372;1351
2021-06-11;14;1581;1562
2021-06-11;15;1387;1370
2021-06-11;16;1395;1378
2021-06-11;17;1395;1385
2021-06-11;18;1228;1213
2021-06-11;19;1159;1151
2021-06-11;20;834;827
2021-06-11;21;465;460
2021-06-11;22;52;52
2021-06-11;23;22;22
2021-06-12;0;2;2
2021-06-12;3;1;1
2021-06-12;5;3;3
2021-06-12;6;92;90
2021-06-12;7;740;734
2021-06-12;8;861;855
2021-06-12;9;808;802
2021-06-12;10;970;962
2021-06-12;11;1155;1146
2021-06-12;12;1476;1462
2021-06-12;13;1469;1458
2021-06-12;14;1379;1358
2021-06-12;15;1361;1339
2021-06-12;16;1213;1194
2021-06-12;17;1258;1240
2021-06-12;18;1261;1251
2021-06-12;19;1098;1085
2021-06-12;20;736;730
2021-06-12;21;453;445
2021-06-12;22;48;48
2021-06-12;23;20;20
2021-06-13;3;1;1
2021-06-13;5;1;1
2021-06-13;6;5;5
2021-06-13;7;40;40
2021-06-13;8;65;64
2021-06-13;9;77;71
2021-06-13;10;131;129
2021-06-13;11;184;184
2021-06-13;12;291;284
2021-06-13;13;389;384
2021-06-13;14;388;385
2021-06-13;15;370;358
2021-06-13;16;373;369
2021-06-13;17;280;277
2021-06-13;18;138;136
2021-06-13;19;100;99
2021-06-13;20;70;65
2021-06-13;21;45;45
2021-06-13;22;47;46
2021-06-13;23;40;38
2021-06-14;0;6;6
2021-06-14;3;2;2
2021-06-14;5;9;9
2021-06-14;6;223;221
2021-06-14;7;1845;1826
2021-06-14;8;2014;1998
2021-06-14;9;1694;1676
2021-06-14;10;1493;1479
2021-06-14;11;1648;1620
2021-06-14;12;1843;1830
2021-06-14;13;1751;1730
2021-06-14;14;1725;1701
2021-06-14;15;1492;1481
2021-06-14;16;1477;1461
2021-06-14;17;1354;1341
2021-06-14;18;1610;1588
2021-06-14;19;1528;1514
2021-06-14;20;994;987
2021-06-14;21;550;545
2021-06-14;22;86;85
2021-06-14;23;25;24
2021-06-15;0;2;2
2021-06-15;2;1;1
2021-06-15;4;4;4
2021-06-15;5;6;6
2021-06-15;6;156;154
2021-06-15;7;1170;1163
2021-06-15;8;1523;1512
2021-06-15;9;1326;1311
2021-06-15;10;1279;1269
2021-06-15;11;1333;1315
2021-06-15;12;1615;1595
2021-06-15;13;1640;1615
2021-06-15;14;1477;1467
2021-06-15;15;1482;1465
2021-06-15;16;1432;1420
2021-06-15;17;1302;1290
2021-06-15;18;1589;1576
2021-06-15;19;1406;1392
2021-06-15;20;1054;1038
2021-06-15;21;509;504
2021-06-15;22;91;90
2021-06-15;23;34;34
2021-06-16;0;5;5
2021-06-16;1;1;1
2021-06-16;3;1;1
2021-06-16;4;1;1
2021-06-16;5;6;6
2021-06-16;6;118;118
2021-06-16;7;1107;1098
2021-06-16;8;1222;1210
2021-06-16;9;1217;1199
2021-06-16;10;1066;1058
2021-06-16;11;996;984
2021-06-16;12;1114;1103
2021-06-16;13;409;406
